0,0.3257830195,0.3024706396,0.40432277,0.3793376986,0,0,0.8342999935,20,0,0,0.8343157929,20,0.05,0,0.7377368435,20,0.05,0,0.7961538501,40,0.025,0,0.8819714206,40,0.125,0,1.1123684115,20,0.05,0,1.0121428558,40,0.125,0,0.374631568,0.2159890057,1.1499419725,0.5341994608,0.8420707167,0.6330001354,0.7250000238,0.8279999495,0.9049998522,1.1119999886,0.617000103,0.7134999037,0.7714999914,0.8025001287,1.4040000439,0.5800001621,0.638999939,0.6955000162,0.7374999523,0.9330000877,0.5260000229,0.6434998512,0.7150000334,0.8585000038,1.6380000114,0.4730000496,0.5880000591,0.6819999218,0.8960000277,1.5539999008,0.8320000172,0.8995000124,0.9684998989,1.13349998,2.2100000382,0.5450000763,0.6660000086,0.7370001078,0.9364999533,3.01699996
0,0.4329935823,0.4220783443,0.3174418264,0.2474714142,0,0,0.6516842124,20,0.05,0,0.5295000178,20,0.2,0.1,0.770777786,20,0.1,0,0.6123636373,40,0.175,0,0.6495757418,40,0.175,0.025,0.9813684197,20,0.05,0,0.7805882429,40,0.15,0,0.2105906337,0.1682246056,0.4863597113,0.5299383747,0.508149043,0.4879999161,0.5460000038,0.5975000858,0.6635000706,0.9189999104,0.2730000019,0.3274998665,0.3684999943,0.4640001059,0.7109999657,0.4010000229,0.4844999313,0.5644999743,0.7124999762,2.4820001125,0.3130002022,0.382999897,0.4839998484,0.5494999886,1.0230000019,0.1759998798,0.3919999599,0.4999998808,0.5455001593,1.3029999733,0.5039999485,0.6720000505,0.8320000172,1.1049998999,1.8240001202,0.3269999027,0.5325000286,0.5960000753,0.7474999428,1.7679998875
2,0.4004955895,0.3961137909,0.3635963957,0.3351488031,0,0,0.6728947323,20,0.05,0,0.6061052558,20,0.05,0,1.1239500046,20,0,0,0.8781842154,40,0.05,0,0.7610833422,40,0.1,0,0.9685555606,20,0.1,0,0.95397142,40,0.125,0,-0.1553944439,0.0757872046,-0.3880053813,0.2084377225,-0.0897838294,0.4719998837,0.5724999905,0.6010000706,0.6634999514,1.1040000916,0.4479999542,0.4639999866,0.5200001001,0.5920000076,1.1330001354,0.8789999485,0.9804999828,1.1685000658,1.2604999542,1.4079999924,0.3359999657,0.5760000944,0.7800000906,1.0034998655,1.8240001202,0.3509998322,0.4799998999,0.5759999752,0.6799999475,1.6159999371,0.5039999485,0.5784999132,0.7380000353,0.9034999609,2.4779999256,0.4160001278,0.5839998722,0.7600001097,1.0834999085,1.7509999275
0,0.3361783846,0.3226948507,0.3254151583,0.3001042076,0,0,0.7619500041,20,0,0,0.7457894687,20,0.05,0,0.846449995,20,0,0,0.8161578904,40,0.05,0,0.8506315793,40,0.05,0,1.0321052611,20,0.05,0,0.8528108092,40,0.075,0,0.1856552661,0.0366529188,0.5522522405,0.1126343314,0.332443286,0.6480000019,0.6960000992,0.7240000963,0.8320000172,1.0150001049,0.5840001106,0.6254999638,0.6664999723,0.7395000458,1.2400000095,0.625,0.7079999447,0.7879999876,0.9084999561,1.5280001164,0.4800000191,0.625,0.6894999743,0.816000104,1.9919998646,0.4960000515,0.6475000381,0.7040001154,0.8005000353,2.4319999218,0.6480000019,0.7394999266,0.8684999943,1.0075000525,2.1210000515,0.4070000649,0.625,0.7324999571,0.9040000439,2.1930000782
2,0.6421601335,0.6402668244,0.5127605103,0.5016319107,0,0.0125,0.7836500049,20,0,0,0.7013684233,20,0.05,0,0.8784500003,20,0,0.05,0.7860000015,40,0.075,0,0.988567566,40,0.075,0,1.1166666656,20,0.1,0,1.1105555537,40,0.1,0,0.2382166653,0.3245555522,0.3709614672,0.6329573859,0.5019594266,0.5220000744,0.6069999933,0.7005000114,0.994500041,1.2649998665,0.4259998798,0.5529999733,0.6665000916,0.766499877,0.9220001698,0.0679998398,0.6675000191,0.8404999971,0.9450000525,1.7900002003,0.3690001965,0.5299999714,0.7120000124,0.7840001583,1.9539999962,0.5980000496,0.682000041,0.7365000248,1.0259999037,2.8139998913,0.5190000534,0.6629999876,0.7235000134,1.0519999266,3.8140001297,0.5280001163,0.6789999008,0.8470000029,1.0920000076,3.2070000172
5,0.6596250162,0.6596513878,0.4476588865,0.4289491786,0,0,0.8050526353,20,0.05,0,0.6987499952,20,0,0,1.0000499964,20,0,0,0.9436486422,40,0.075,0,1.1459729811,40,0.075,0,1.2049444559,20,0.1,0,1.0952285698,40,0.125,0,0.2048944595,0.1515799276,0.3106226333,0.338605872,0.3246142527,0.4400000572,0.675999999,0.7365000248,0.8480000496,1.1519999504,0.495000124,0.611000061,0.7029999495,0.7760000229,0.871999979,0.5520000458,0.627499938,0.8524999619,1.2450000048,2.4559998512,0.4709999561,0.6679999828,0.7810001373,1.059499979,2.3119997978,0.5349998474,0.7109999657,0.9845001698,1.3719998598,2.8329999447,0.518999815,0.7035000324,0.8885000944,1.3484998941,3.9609999657,0.4960000515,0.7289998531,0.8325001001,1.263499856,2.1510000229
0,0.2185202798,0.1518293388,0.2459454165,0.1341131282,0,0.00625,0.8023157782,20,0.05,0,0.7705000019,20,0.1,0,0.7809999943,20,0,0,0.7801389008,40,0.1,0,0.7286842093,40,0.05,0,0.8894117737,20,0.15,0,0.796718764,40,0.2,0.025,0.1084117794,0.0165798632,0.4961177035,0.0674127757,0.2817652396,0.6210000515,0.7049999237,0.7235000134,0.8000000715,1.2380001545,0.4859998226,0.5960000753,0.6720000505,0.7329999208,1.2630000114,0.6070001125,0.6980000734,0.7809998989,0.8499999046,1.0069999695,0.492000103,0.5885000229,0.7084999084,0.7974998951,1.2610001564,0.5220000744,0.5669999123,0.681499958,0.7520000935,1.4670000076,0.6059999466,0.6375000477,0.7574999332,0.8760000467,1.2680001259,0.2539999485,0.5865000486,0.6695001125,0.7029999495,1.01699996
1,0.4070237765,0.3192352927,0.3149459244,0.1789244946,0,0.01875,0.6913684077,20,0.05,0,0.6240499973,20,0,0,1.2428461574,20,0.35,0.05,0.9803636265,40,0.45,0.025,0.8130000005,40,0.15,0,0.8453333288,20,0.1,0,0.8276666609,40,0.175,0,-0.3975128286,-0.1526969655,-0.9766329428,-0.4848355025,-0.7307342226,0.5130000114,0.611000061,0.6504999399,0.6944999695,0.9370000362,0.5410001278,0.5750000477,0.6084998846,0.6394999027,0.9179999828,0.253000021,0.926500082,1.1419999599,1.2110000849,1.9930000305,0.2829999924,0.5444999933,0.6154998541,0.7680000067,1.1180000305,0.4800000191,0.6054999828,0.7235000134,0.7884999514,1.0780000687,0.5750000477,0.6530001163,0.7220000029,0.8699998856,1.1729998589,0.5,0.6215000153,0.6505000591,0.8285000324,1.0069999695
0,0.4703182451,0.4554523617,0.3356363184,0.3146769307,0,0,0.816049993,20,0,0,0.6407499909,20,0,0,0.8772500038,20,0,0,0.7607750058,40,0,0,0.797874999,40,0,0,1.1418888876,20,0.1,0,0.9785945941,40,0.075,0,0.2646388838,0.2178195883,0.5626804542,0.6489750256,0.6058277399,0.6330001354,0.7220000029,0.7905000448,0.8704999685,1.236000061,0.5629999638,0.6184999943,0.6414999962,0.6629999876,0.7249999046,0.5829999447,0.7074999809,0.7655000687,0.8035000563,1.9750001431,0.6019999981,0.6610000134,0.7294999361,0.8079999685,1.3459999561,0.5640001297,0.6579998732,0.7824999094,0.8815000057,1.4089999199,0.5910000801,0.7224999666,0.8110001087,1.1545000076,2.6559998989,0.5789999962,0.6665000916,0.7749998569,1.0034999847,2.6809999943
1,0.3816574125,0.2798023834,0.5558266779,0.5540230255,0,0,0.933799994,20,0,0,0.6878499985,20,0,0,1.2838000298,20,0.5,0,0.9554358925,40,0.025,0,0.7793250024,40,0,0,0.872300005,20,0,0,1.0315263181,40,0.05,0,-0.4115000248,0.0760904256,-1.0781921465,0.1368959581,-0.4706480942,0.5969998837,0.6955000162,0.7849999666,0.9390000105,2.5220000744,0.5439999104,0.6404999495,0.6694999933,0.7344999313,0.8680000305,0.6460001469,0.817499876,0.9659999609,1.1150000095,1.7039999962,0.5590000153,0.6834998131,0.7820000649,1.0600001812,2.7590000629,0.5509998798,0.6419999599,0.7164999247,0.8059999943,2.2730000019,0.6259999275,0.7340000868,0.7760000229,0.9059998989,1.6680002213,0.5980000496,0.7184998989,0.8275001049,0.9709999561,4.3280000687
0,0.3075967574,0.2611730061,0.2866368562,0.2551067167,0,0,0.7952000022,20,0,0,0.5865499973,20,0,0,0.843647061,20,0.15,0,0.7598421044,40,0.05,0,0.7897567566,40,0.075,0,0.7781578902,20,0.05,0,0.7526756761,40,0.075,0,-0.0654891707,-0.0071664283,-0.2129059204,-0.0250017685,-0.1189538444,0.5959999561,0.6549998522,0.6884999275,0.804500103,1.5290000439,0.4400000572,0.5095000267,0.559499979,0.6649999619,0.7769999504,0.3999998569,0.57099998,0.6919999123,0.7979999781,1.5699999332,0.4499998093,0.5845000744,0.6545000076,0.7759999037,1.888999939,0.5099999905,0.5904998779,0.685000062,0.8600000143,1.5910000801,0.4329998493,0.5255000591,0.6174999475,0.8805000782,1.4460000992,0.4390001297,0.5690000057,0.6449998617,0.7789999247,1.736000061
1,0.4168746344,0.4368413123,0.4014675914,0.3495939892,0,0,0.7518235251,20,0.15,0,0.5845999956,20,0,0,1.3777999878,20,0.5,0,0.9341111056,40,0.325,0,0.7173947319,40,0.05,0,1.2512500143,20,0.6,0,0.9421724093,40,0.275,0,-0.1265499735,0.0080613037,-0.3035684186,0.0200795876,-0.1417444155,0.4199998379,0.574000001,0.6374999285,0.6879999638,1.3010001183,0.3459999561,0.5195000172,0.5774999857,0.6519999504,0.9219999313,0.5889999866,0.7590000629,1.0659999847,1.5314999819,3.0589997768,0.3489999771,0.5750000477,0.6994999647,1.1624999046,3.1340000629,0.3600001335,0.5310000181,0.6500000954,0.7649999857,1.5690000057,0.3800001144,0.7789999247,1.1555000544,1.3414999247,1.638999939,0.3110001087,0.5509998798,0.6830000877,0.9989999533,1.7690000534
0,0.3820816656,0.2956296471,0.249809646,0.1538647197,0,0.0125,0.6381500006,20,0,0,0.6438888751,20,0.1,0,0.8304666678,20,0.25,0.05,0.6804062453,40,0.2,0,0.6163611057,40,0.1,0,1.1362857321,20,0.3,0,0.6382162195,40,0.075,0,0.3058190643,-0.0421900258,0.8004023534,-0.1688886979,0.3157568278,0.4799997807,0.5520000458,0.6160000563,0.6965001822,0.8480000496,0.4319999218,0.5034998655,0.5754998922,0.6399998665,0.864000082,0.2070000172,0.5275001526,0.6079998016,0.7674999237,0.9270000458,0.3350000381,0.4319999218,0.5839999914,0.6159999371,0.7189998627,0.3040001392,0.4079999924,0.5199998617,0.6155000925,1.3910000324,0.5120000839,0.6714999676,0.8880000114,1.2085000277,1.7120001316,0.3200001717,0.4320001602,0.5760000944,0.6560000181,1.118999958
4,0.2846757885,0.1764273711,0.2780384406,0.1793549156,0,0,0.568599999,20,0,0,0.5040000022,20,0.05,0,0.6545882382,20,0.15,0,0.6979411717,40,0.15,0,0.6392105288,40,0.05,0,0.7928124768,20,0.2,0,0.7890606025,40,0.175,0,0.1382242385,0.0911194308,0.4855496819,0.3277224206,0.4066360512,0.3680000305,0.5119999647,0.5755000114,0.6234999895,0.8320000172,0.3199999332,0.3754999638,0.4635000229,0.5199999809,0.7999999523,0.3359999657,0.4794999361,0.5759999752,0.61650002,0.736000061,0.3359999657,0.5195000172,0.576499939,0.6314998865,0.9279999733,0.3999998569,0.4965000153,0.5519998074,0.6634999514,1.0719997883,0.3519999981,0.6000000238,0.6554999352,0.8479999304,1.5670001507,0.3199999332,0.5119998455,0.6325000525,0.7680000067,1.1989998817
0,0.2332272556,0.1970496548,0.212644534,0.1714222081,0,0,0.7512631702,20,0.05,0.05,0.5985263057,20,0.05,0,0.7457894812,20,0.05,0,0.6530000007,40,0.05,0,0.6626111179,40,0.1,0,0.7844210459,20,0.05,0,0.6697368469,40,0.05,0,0.0386315647,0.0167368462,0.1656391514,0.0787080952,0.1221736233,0.2630000114,0.611000061,0.6859999895,0.7764999866,1.2110002041,0.4079999924,0.5160000324,0.5674999952,0.6169999838,0.6840000153,0.4360001087,0.5520000458,0.673500061,0.7814999819,1.1789999008,0.3959999084,0.5399999619,0.6050000191,0.6639999151,1.0239999294,0.4179999828,0.4839999676,0.5400000811,0.6150001287,1.2869999409,0.4650001526,0.6010000706,0.7174999714,0.9249999523,1.1080000401,0.4029998779,0.4580000639,0.5785000324,0.7470000982,1.3320000172
4,0.2910077201,0.2211300602,0.249226466,0.1659846986,0,0.0125,0.5341578945,20,0.05,0,0.5413684253,20,0.05,0,0.7098125023,20,0.2,0.05,0.7490882329,40,0.15,0,0.5761794851,40,0.025,0,0.8016111231,20,0.1,0,0.6505405398,40,0.075,0,0.0917986208,-0.0985476932,0.3154508093,-0.3954142382,-0.0399817144,0.3839998245,0.4325000048,0.4809999466,0.5310000181,0.7760000229,0.388999939,0.4659999609,0.500500083,0.5464999676,0.6059999466,0.2710001469,0.5,0.5575000048,0.641499877,0.993999958,0.4019999504,0.5204999447,0.5915000439,0.6855000257,1.0710000992,0.4190001488,0.4659999609,0.5520000458,0.6025000811,0.9910001755,0.4530000687,0.5455001593,0.6780000925,0.7839999199,1.4670000076,0.3870000839,0.4689999819,0.5724999905,0.7269999981,0.9210000038
0,0.3418895043,0.2856440383,0.4833941814,0.4693085171,0,0,0.9849444405,20,0.1,0,1.0051250112,20,0.2,0,0.9482941083,20,0.15,0,1.0669999969,40,0.2,0,0.9142105301,40,0.05,0,1.0899411948,20,0.15,0,1.1219999961,40,0.175,0,0.1416470864,0.0549999992,0.4143066243,0.1137787778,0.2640427011,0.6559998989,0.82099998,0.939999938,1.0155000687,1.2799999714,0.5920000076,0.7200000286,0.8370000124,0.9400000572,1.3440001011,0.638999939,0.7005000114,0.7754999399,0.8799999952,1.6239998341,0.5520000458,0.7279999256,0.8400000334,1.0204999447,1.861000061,0.6080000401,0.7635000944,0.871999979,0.9880000353,1.4639999867,0.5279998779,0.7835000753,0.9000000954,1.1480000019,1.8639998436,0.5360000134,0.6644999981,0.8510000706,1.1360001564,3.2649998665
2,0.6152164997,0.6152164997,0.6128554244,0.6130133298,0,0,1.3190999985,20,0,0,1.2897500038,20,0,0,1.4338999987,20,0,0,1.4277500033,40,0,0,0.9729473689,40,0.05,0,1.7722000003,20,0,0,1.5366388867,40,0.1,0,0.3383000016,0.1088888833,0.5498877254,0.1776746668,0.3637811961,0.6400001049,0.9280000925,1.1339999437,1.8360000849,2.5199999809,0.5850000381,0.8159999847,1.050999999,1.8559999466,2.6579999924,0.5529999733,0.9345000982,1.4880000353,1.8999999762,2.4719998837,0.7760000229,0.9440000057,1.2719999552,1.824000001,2.5199999809,0.5350000858,0.7380000353,0.8400000334,1.0059999228,2.3439998627,0.9280002117,1.2839999199,1.8680000305,2.0319999456,3.128000021,0.5909998417,0.9119999409,1.2719999552,1.99150002,3.1599998474
0,0.5130861083,0.5020942266,0.4149022372,0.4089318966,0,0,1.3782500029,20,0,0,0.9787999988,20,0,0,1.4551578858,20,0.05,0,1.0575749993,40,0,0,1.9212702684,40,0.075,0,1.7302222162,20,0.1,0,1.3692564099,40,0.025,0,0.2750643304,0.3116814105,0.5360977932,0.7512165099,0.6436571515,0.7920000553,0.9184999466,1.1490000486,1.7365000248,3.2139999867,0.7279999256,0.7919999361,0.8880000114,0.9680000544,1.9909999371,0.8240001202,0.9940000772,1.1559998989,1.9955000877,2.3519999981,0.7109999657,0.8960000277,0.9960000515,1.1875,1.7599999905,0.8650000095,1.1119999886,1.2640000582,2.2749999762,9.128000021,1.128000021,1.4040000439,1.575999856,1.8759999275,3.0799999237,0.7599999905,1.0134999752,1.1840000153,1.560000062,2.5280001164
0,0.2666190903,0.2151945487,0.2963239374,0.2374453674,0,0,0.8646499991,20,0,0,0.8364444351,20,0.1,0,0.7546499968,20,0,0,0.7667948701,40,0.025,0,0.7456923072,40,0.025,0,0.902176466,20,0.15,0,0.898687492,40,0.2,0,0.1475264692,0.1318926219,0.5533229787,0.4450960765,0.4992095276,0.6809999943,0.7400000095,0.8435000181,0.9794999361,1.1040000916,0.625,0.6920001507,0.7679998875,0.8565001488,1.263999939,0.4889998436,0.6475000381,0.738499999,0.7925000191,1.1689999104,0.4970002174,0.6115000248,0.7035000324,0.8044999838,1.518999815,0.518999815,0.5759999752,0.6599999666,0.7685000896,1.888999939,0.5280001163,0.5960000753,0.7829998732,0.932000041,1.4720001221,0.4010000229,0.6200000048,0.739000082,0.8639999628,2.0469999313
0,0.6936633049,0.6830670502,0.5360005271,0.5233976826,0,0,0.7618999958,20,0,0,0.7032000065,20,0,0,0.9276315825,20,0.05,0,0.7074000001,40,0,0,0.78835135,40,0.075,0,1.6077058753,20,0.15,0,1.1492702714,40,0.075,0,0.6800742928,0.4418702713,0.9804097867,0.8243840237,0.9023969052,0.5130000114,0.6160000563,0.6599999666,0.8435000181,1.4409999847,0.4719998837,0.5880000591,0.6480000019,0.7400000095,1.3519999981,0.5199999809,0.6000000238,0.8079999685,0.932000041,2.1510000229,0.4010000229,0.5759999752,0.6399998665,0.7480000257,1.4400000572,0.4479999542,0.5359998941,0.6040000916,0.7400000095,2.1840000153,0.5040001869,0.939999938,1.3760000467,2.1159998179,3.0889999867,0.4709999561,0.675999999,0.9804999828,1.2429999113,3.9279999733
2,0.9501999442,0.9612516504,0.7742047525,0.7720107893,0,0,0.7083500028,20,0,0,0.6178421005,20,0.05,0,1.9286499977,20,0,0,1.9873846179,40,0.025,0,0.9420277717,40,0.1,0,1.4135789404,20,0.05,0,0.7561282001,40,0.025,0,-0.5150710573,-1.2312564177,-0.5420659729,-1.5903498573,-1.0662079151,0.4149999619,0.564499855,0.6599999666,0.816000104,1.4300000668,0.3519999981,0.4839999676,0.560000062,0.5999999046,1.1119999886,0.6080000401,1.4600000382,1.7399998903,2.5039999485,3.6999998093,1.263999939,1.5325000286,1.8645000458,2.0720000267,4.120000124,0.4470000267,0.5479999781,0.6560000181,0.80400002,2.6480000019,0.5280001163,0.6919999123,0.9440000057,1.635999918,4.2160000801,0.4879999161,0.5920000076,0.6315000057,0.7595000267,1.8880000114
0,0.458067674,0.4401826756,0.3941770238,0.3522538707,0,0,0.9708000064,20,0,0,0.9036842055,20,0.05,0,1.148210529,20,0.05,0,0.7907837801,40,0.075,0,0.8615999997,40,0,0,1.2904117405,20,0.15,0,1.125617646,40,0.15,0,0.1422012114,0.334833866,0.3104371243,0.8494504899,0.5799438071,0.7330000401,0.8659999371,0.9589999914,1.0694999695,1.274999857,0.6089999676,0.7105000019,0.8345000744,0.9279999733,1.3480000496,0.6579999924,0.8459999561,0.9285000563,1.2939999104,1.8159999847,0.4300000668,0.6104999781,0.698499918,0.7620000839,1.4500000477,0.5820000172,0.7330000401,0.7964999676,0.9759999514,1.4170000553,0.5290000439,0.8014999628,1.1829999685,1.6599999666,2.353000164,0.388999939,0.6234999895,0.8845000267,1.2314999104,2.3220000267
4,0.7753638902,0.7842108359,0.5451132935,0.5568446401,0,0,0.9334117542,20,0.15,0,0.6972499967,20,0,0,1.328210533,20,0.05,0,0.8320302845,40,0.175,0,0.7790769237,40,0.025,0,1.202736833,20,0.05,0,1.1595641029,40,0.025,0,-0.1254737001,0.3275338184,-0.1618255656,0.6008545788,0.2195145066,0.4059998989,0.5520000458,0.6974999905,0.7705000639,3.2400000095,0.4259998798,0.6124999523,0.6909999847,0.750500083,1.1610000134,0.507999897,0.750500083,0.8574999571,1.3289999962,4.0529999733,0.4610002041,0.5860000849,0.6749999523,0.800999999,1.2179999352,0.5069999695,0.6179999113,0.7059999704,0.761500001,2.7130000591,0.5759999752,0.7170001268,0.9750000238,1.3995000124,2.6800000668,0.5480000973,0.7745000124,0.92900002,1.3090000153,4.5699999332
0,0.3506901551,0.323566014,0.5621650308,0.5532222708,0,0,1.0901250046,20,0.2,0,1.0177222135,20,0.1,0,0.8838420953,20,0.05,0,0.9023947374,40,0.05,0,0.925526315,40,0.05,0,0.9585555569,20,0.1,0,1.2228285653,40,0.125,0,0.0747134616,0.3204338279,0.213046932,0.5699995737,0.3915232528,0.5840001106,0.7159999609,0.8399999142,1.1799999476,2.5360000134,0.6640000343,0.7159999609,0.8400000334,1.0519999266,1.6719999313,0.5520000458,0.683999896,0.7634999752,1.0119999647,1.743999958,0.4880001545,0.6829999685,0.7770000696,0.8999999762,2.7760000229,0.4639999866,0.6240000725,0.8320000172,1.0160000324,2.3599998951,0.4560000896,0.5559999943,0.7399998903,1.1114999056,1.6159999371,0.5039999485,0.7280000448,0.9079999924,1.371999979,3.5199999809
0,0.2331448234,0.2331448234,0.3998568094,0.399176226,0,0,1.0110499978,20,0,0,1.0073500037,20,0,0,1.0510999918,20,0,0,0.9418461558,40,0.025,0,0.988775003,40,0,0,1.2000499964,20,0,0,1.2179250002,40,0,0,0.1489500046,0.2760788444,0.638873308,0.690444274,0.664658791,0.7339999676,0.9709999561,1.0294998884,1.0645000935,1.1710000038,0.9049999714,0.9539999962,0.9864999056,1.0214998722,1.364000082,0.8389999866,0.9750000238,1.0189999342,1.0904999971,1.6089999676,0.7019999027,0.8330000639,0.8790000677,0.9819999933,1.6900000572,0.6509997845,0.8090001345,0.8765000105,0.9824999571,2.5629999638,0.8680000305,0.9819999933,1.1079999208,1.3415000439,1.9000000954,0.7249999046,0.9315000772,1.0939999819,1.3754999638,2.9189999104
0,0.2784131148,0.1845325169,0.3254963606,0.2801328031,0,0,0.8887000084,20,0,0,0.645947372,20,0.05,0,0.7714999957,20,0.1,0,0.7333783856,40,0.075,0,0.7917428494,40,0.125,0,0.8811249983,20,0.2,0,0.902657141,40,0.125,0,0.1096250027,0.1692787554,0.3937494207,0.5200634351,0.4569064279,0.5450000763,0.6319999695,0.675999999,1.0164999962,3.3519999981,0.5040001869,0.5320000648,0.5759999752,0.6675000191,0.864000082,0.4800000191,0.5770001411,0.6319998503,0.7604999542,1.3600001335,0.4319999218,0.5474998951,0.6400001049,0.7634999752,1.4010000229,0.4730000496,0.5639998913,0.6434999704,0.7764999866,2.4240000248,0.5270001888,0.6639999151,0.7285000086,0.8115000725,1.0559999943,0.5450000763,0.6319999695,0.7274999619,0.9800000191,2.0799999237
5,0.337111952,0.2976346247,0.3199785791,0.2516346135,0,0,0.9086874974,20,0.2,0,0.7189999898,20,0.25,0,0.8874375027,20,0.2,0,0.7134545381,40,0.175,0,0.7913124886,40,0.2,0,0.752700007,20,0,0,0.8641176451,40,0.15,0,-0.1347374958,0.150663107,-0.3996817525,0.4708537284,0.0355859879,0.4400000572,0.5279999971,0.551500082,0.6720000505,4.0120000839,0.3929998875,0.4765000343,0.5170000792,0.5954999924,0.7840001583,0.5120000839,0.5755000114,0.6160000563,0.7200000286,1.8079998493,0.4400000572,0.5439999104,0.5755000114,0.636500001,1.0720000267,0.4389998913,0.5674999952,0.5965000391,0.7200000286,1.3109998703,0.5370001793,0.6199998856,0.7074999809,0.7999999523,1.5830001831,0.4960000515,0.624499917,0.7000000477,0.7839999199,2.135999918
0,0.4011048141,0.3886928523,0.4804406242,0.4705706707,0,0,0.8503999949,20,0,0,0.7423157978,20,0.05,0,0.9330526312,20,0.05,0,0.8165128221,40,0.025,0,0.7860540516,40,0.075,0,0.9640000027,20,0.05,0,1.0331621567,40,0.075,0,0.0309473715,0.2166493346,0.0771553231,0.4509388333,0.2640470782,0.7039999962,0.7534999847,0.7925000191,0.9045000076,1.2479999065,0.506000042,0.5805000067,0.6655000448,0.7760000229,1.26699996,0.6770000458,0.7039999962,0.7885000706,0.9654999971,2.6669998169,0.5680000782,0.6749999523,0.7459999323,0.8565000296,1.2460000515,0.495000124,0.6445000172,0.701499939,0.8509999514,1.4570000172,0.5210001469,0.733500123,0.8224999905,1.0095000267,1.9200000763,0.4519999027,0.6509999037,0.7304999828,1.0160000324,3.3970000744
4,0.5101727377,0.4805106584,0.6204897046,0.6238163019,0,0,0.8222499967,20,0,0,0.6928500056,20,0,0,0.7641499996,20,0,0,0.8935946011,40,0.075,0,0.7423500001,40,0,0,1.1689374846,20,0.2,0,1.1671842121,40,0.05,0,0.404787485,0.273589611,0.7934322143,0.440925303,0.6171787586,0.5179998875,0.6495000124,0.6969999075,0.8505001068,1.7969999313,0.5039999485,0.5784999132,0.6260000467,0.701499939,1.3070001602,0.5889999866,0.6390000582,0.6870001554,0.8114999533,1.3759999275,0.5640001297,0.6729999781,0.7050000429,0.9305000305,1.9679999352,0.4880001545,0.627499938,0.6744999886,0.8454999924,1.246999979,0.4849998951,0.6495000124,0.7899999619,1.1620000601,3.1050000191,0.4549999237,0.6775000095,0.7555000782,1.1125001907,3.5809998512
0,0.5717080682,0.5582754703,0.3005140659,0.2795183108,0,0,0.8781499982,20,0,0,0.6942999959,20,0,0,0.9213500023,20,0,0,0.736075002,40,0,0,0.8427750051,40,0,0,1.6586315792,20,0.05,0,1.0728157857,40,0.05,0,0.737281577,0.3367407837,1.2896119855,1.1205491585,1.205080572,0.7019999027,0.7949999571,0.8405001163,0.9789999723,1.1259999275,0.5250000954,0.6119999886,0.6799999475,0.7860000134,0.885999918,0.6130001545,0.7559999228,0.7894998789,1.068500042,1.6380000114,0.5290000439,0.6559998989,0.7109999657,0.7829999924,1.2300000191,0.5629999638,0.7080000639,0.7989999056,0.9325000048,1.3090000153,0.9789998531,1.307000041,1.49150002,1.8035000563,2.9930000305,0.7300000191,0.8529999256,0.9674999714,1.0839999914,2.1779999733
4,0.2317831804,0.2317831804,0.1646609547,0.1646609547,0,0,0.895947372,20,0.05,0.05,0.7506000042,20,0,0,0.828550005,20,0,0,0.819750005,40,0,0,0.8134000003,40,0,0,1.1610499978,20,0,0,0.9401250005,40,0,0,0.3324999928,0.1203749955,1.4345302896,0.7310475982,1.0827889439,0.0190000534,0.7465000153,0.8370000124,0.9589999914,1.2039999962,0.6169998646,0.6915000677,0.7285000086,0.7790000439,0.986000061,0.6099998951,0.7179999352,0.7975000143,0.8885000944,1.2860000134,0.5859999657,0.7304999828,0.815500021,0.8700000048,1.4440000057,0.6220002174,0.7284998894,0.7944998741,0.8480000496,1.2760000229,0.9189999104,1.0275001526,1.1799999475,1.2680000067,1.4819998741,0.7139999866,0.8430000544,0.9019998312,0.9620000124,1.4500000477
0,0.3195784767,0.3066598164,0.396017424,0.3832532732,0,0,0.7572999954,20,0,0,0.7111500025,20,0,0,0.8707999945,20,0,0,0.7333589752,40,0.025,0,0.5929499984,40,0,0,0.99463157,20,0.05,0,0.9878947331,40,0.05,0,0.1238315755,0.2545357579,0.387484091,0.6427387849,0.5151114379,0.5599999428,0.61650002,0.6894999743,0.8600000143,1.3489999771,0.5319998264,0.6160000563,0.6564999819,0.8039999008,1.0090000629,0.5920000076,0.6449999809,0.7719999552,1.0589998961,1.879999876,0.5039999485,0.5520000458,0.6525000334,0.763999939,1.4839999676,0.382999897,0.503000021,0.550999999,0.6160000563,1.0299999714,0.5759999752,0.739000082,0.8775000572,1.067499876,1.7409999371,0.4159998894,0.6319999695,0.8644999266,1.0444999933,2.5840001106
5,0.4390105004,0.4390105004,0.2660619243,0.2457659487,0,0,0.5882000089,20,0,0,0.7891579086,20,0.05,0,0.854400003,20,0,0,0.7165263111,40,0.05,0,0.5930256345,40,0.025,0,0.8015500069,20,0,0,0.7701794847,40,0.025,0,-0.0528499961,0.0536531736,-0.1203843554,0.2016567149,0.0406361798,0.4680001736,0.5479999781,0.567999959,0.6094999313,0.9090001583,0.4570000172,0.6009999514,0.7649999857,0.9214999676,1.2330000401,0.4960000515,0.5759999752,0.692499876,0.88349998,3.1559998989,0.4480001926,0.5244998932,0.5755000114,0.6799999475,1.4960000515,0.4330000877,0.4884998798,0.5325000286,0.6080000401,1.1109998226,0.5270001888,0.6040000916,0.7440000772,0.9444999695,1.3980000019,0.4630000591,0.5720001459,0.7315000296,0.9509999752,1.4240000248
0,0.3394111178,0.3013961339,0.2873899618,0.1811973235,0,0.00625,0.9158499956,20,0,0,0.9156315738,20,0.05,0,1.0151111195,20,0.1,0,0.8609999996,40,0.15,0,0.8289428575,40,0.125,0,0.883166675,20,0.1,0,0.9252580692,40,0.225,0.025,-0.1319444444,0.0642580696,-0.3887452046,0.2235919069,-0.0825766488,0.6369998455,0.7455000877,0.8470000029,1.0394999981,1.5119998455,0.6330001354,0.6964998245,0.7400000095,1.0659999847,1.3299999237,0.631000042,0.7219998837,0.7820000648,1.0505000353,1.870000124,0.5629999638,0.6654999256,0.7290000916,0.807000041,1.5710000992,0.5989999771,0.6729999781,0.7020000219,0.7470000982,1.6380000114,0.6199998856,0.6729999781,0.7624999285,0.9789999723,1.1570000649,0.2479999065,0.636500001,0.7269999981,0.8864998817,1.2630000114
0,0.5442420937,0.5420241824,0.2873128329,0.268995643,0,0,0.8592105323,20,0.05,0,0.6939499974,20,0,0,1.0335789389,20,0.05,0,0.8765789494,40,0.05,0,0.8462973038,40,0.075,0,1.0219444476,20,0.1,0,0.8917435856,40,0.025,0,-0.0116344913,0.0151646363,-0.0213774191,0.0527809221,0.0157017515,0.6360001564,0.7079999447,0.7720000744,0.9255000353,1.2369999886,0.5039999485,0.5759999752,0.6564999819,0.7450000048,1.3989999294,0.6270000935,0.7454999685,0.7650001049,0.9769999981,3.2769999504,0.4769999981,0.6749999523,0.7624999285,0.9600000381,3.2950000763,0.4830000401,0.6305000782,0.7474999428,0.9005000591,1.8869998455,0.5599999428,0.6699999571,0.7600001097,1.0264999867,2.2999999523,0.5169999599,0.6879999638,0.8220000267,0.9535000324,1.5630002022
4,0.3590337541,0.3261583346,0.3236360702,0.2720135659,0,0.0875,0.7498235439,20,0.15,0,0.7004444377,20,0.1,0,0.8913333193,20,0.1,0,0.8032432386,40,0.075,0.025,0.8630302918,40,0.175,0,0.9809444523,20,0.1,0,0.7678846198,40,0.35,0.325,0.0896111329,-0.0353586188,0.2495897166,-0.1092542583,0.0701677291,0.5149998665,0.6025000811,0.6470000744,0.7080000639,1.001999855,0.4629998207,0.5730000734,0.6384999752,0.692999959,0.7630000114,0.4700000286,0.6854999065,0.7160000801,1.0219999552,1.510999918,0.2730000019,0.6070001125,0.7374999523,0.8309999704,1.4100000858,0.3569998741,0.576499939,0.6940000057,0.7880001068,1.1889998913,0.6109998226,0.682000041,0.7814999819,0.9895000458,1.7369999886,0.0260000229,0.1194999218,0.5845000744,0.8515000343,1.0969998837
0,0.6137828918,0.6013038245,0.247940824,0.2082606256,0,0,0.7149500012,20,0,0,0.6915263161,20,0.05,0,0.8542500019,20,0,0,0.7965000049,40,0.1,0,0.6854102602,40,0.025,0,1.3546111096,20,0.1,0,0.7744102529,40,0.025,0,0.5003611077,-0.022089752,0.8152086257,-0.0890928393,0.3630578932,0.5789999962,0.6644999981,0.7170000076,0.7704999447,0.8760001659,0.5409998894,0.6124999523,0.6369999647,0.6979999542,0.8180000782,0.5999999046,0.7089999914,0.7419999838,1.0090000629,1.3509998322,0.4379999638,0.5909999609,0.6750000715,0.7700001001,1.7690000534,0.4539999962,0.5514999628,0.6269999743,0.7189999819,1.2019999027,0.6410000324,0.8249999285,0.9800000191,1.6190000773,3.9199998379,0.4700000286,0.6559998989,0.7249999046,0.8320000172,1.3680000305
0,0.5021201899,0.4791658495,0.2356952239,0.2026532683,0,0,0.890350008,20,0,0,0.7651499987,20,0,0,0.8480526307,20,0.05,0,0.8577499986,40,0,0,0.8594615389,40,0.025,0,1.434555548,20,0.1,0,1.0231081161,40,0.075,0,0.5865029174,0.1653581175,1.168052847,0.7015760217,0.9348144344,0.736000061,0.7799999714,0.8120000362,0.8680000305,1.6159999371,0.6799998283,0.6955000162,0.743999958,0.7960000038,1.1519999504,0.743999958,0.7760000229,0.8040001392,0.8320000172,1.0799999237,0.7599999905,0.811999917,0.8440001011,0.8759999275,1.1519999504,0.7599999905,0.7999999523,0.8320000172,0.8565001488,1.2240002155,0.9359998703,1.0720000267,1.1920000315,1.5160000324,2.9590001106,0.7120001316,0.796000123,0.8920000792,1.0444999933,2.1760001183
3,0.4414915711,0.4377789857,0.4188966494,0.4134179209,0,0,0.6654999971,20,0,0,0.7088000059,20,0,0,1.025150001,20,0,0,0.8492051323,40,0.025,0,0.7208461507,40,0.025,0,1.000473691,20,0.05,0,0.8611025617,40,0.025,0,-0.02467631,0.0118974294,-0.055893049,0.0284018253,-0.0137456119,0.4240000248,0.5279999971,0.6200000048,0.7434999943,1.0880000591,0.4480001926,0.5160000324,0.6559998989,0.8159998655,1.3680000305,0.5360000134,0.7840000391,0.8480000496,1.1879999638,2.6159999371,0.4479999542,0.5839999914,0.6924999952,0.8999999762,2.4560000897,0.4800000191,0.5799999237,0.6480000019,0.736000061,1.4639999867,0.5690000057,0.6920000315,0.8079999685,1.0120000839,2.015999794,0.5039999485,0.6720000505,0.756000042,0.9160000086,2.3519999981
0,0.4638103223,0.4638103223,0.4789691333,0.4661748389,0,0,1.2306500077,20,0,0,0.8024500012,20,0,0,0.8922999978,20,0,0,0.8291750014,40,0,0,1.241474998,40,0,0,1.1118999958,20,0,0,1.3354999929,40,0.05,0,0.219599998,0.5063249915,0.4734694064,1.0571140316,0.765291719,0.5970001221,0.7655000687,0.878000021,1.1480000019,6.4049999714,0.6050000191,0.6635000706,0.7209999561,0.8430000544,1.774999857,0.6480000019,0.7484998703,0.8014999628,0.9175000191,1.9359998703,0.6579999924,0.739000082,0.7750000954,0.8139998913,2.1930000782,0.7109999657,0.8515001535,0.993999958,1.2769999504,4.0859999657,0.6860001087,0.8639999628,0.9709999561,1.1184999943,3.4289999008,0.5069999695,0.9615000486,1.2139999867,1.5045001507,2.8519999981
0,0.2822876275,0.0863685764,0.31974276,0.1667875549,0,0,0.5611578951,20,0.05,0.05,0.7633333365,20,0.25,0,0.7421999931,20,0.25,0,0.7345714072,40,0.3,0,0.670999997,40,0.125,0,0.8115714121,20,0.3,0,0.9007307735,40,0.35,0,0.069371419,0.1661593663,0.2457472882,0.519665766,0.3827065271,0.0989999771,0.4869999886,0.5099999905,0.5739998817,0.6500000954,0.4990000725,0.5349999666,0.5919998884,0.6480000019,0.8599998951,0.4609999657,0.5405000448,0.5750000477,0.6119999886,0.7950000763,0.3970000744,0.4894999266,0.5439999104,0.6015000343,0.8470001221,0.4639999866,0.5259999037,0.5775001049,0.6514999866,1.0090000629,0.493999958,0.5390000343,0.6210000515,0.6515001059,0.861000061,0.4839999676,0.5525000095,0.6325000525,0.7170000076,1.5070002079
1,0.291210799,0.1367988537,0.2803694584,0.0947696479,0,0,0.6397646893,20,0.15,0,0.5725789356,20,0.05,0,0.6966666698,20,0.25,0,0.6779393815,40,0.175,0,0.6781764749,40,0.15,0,0.85746665,20,0.25,0,0.8385925961,40,0.325,0,0.1607999802,0.1606532146,0.5521772568,0.5730054034,0.5625913301,0.4619998932,0.5004998446,0.5490000248,0.5799999237,0.7599999905,0.4539999962,0.4825000763,0.5149999857,0.5900000334,0.7249999046,0.4419999123,0.5000001192,0.5495001078,0.5885000229,0.8459999561,0.4379999638,0.5210000277,0.5505000353,0.5934998989,0.7909998894,0.4449999332,0.5299999714,0.5614999533,0.6069999933,1.3340001106,0.5520000458,0.6025000811,0.6604999304,0.7245000601,1.0850000382,0.4849998951,0.5505000353,0.6349998713,0.7185001373,0.8320000172
0,0.4188293789,0.3983651562,0.7584066941,0.7572190395,0,0,0.6771999955,20,0,0,0.7167500019,20,0,0,0.7286000013,20,0,0,0.751384618,40,0.025,0,0.7739736818,40,0.05,0,1.0058888902,20,0.1,0,1.3070605983,40,0.175,0,0.2772888888,0.5556759803,0.6620569205,0.7326886546,0.6973727876,0.5230000019,0.5779999495,0.6549998522,0.75,0.9219999313,0.5299999714,0.5700000525,0.6109999418,0.7265000343,1.9129998684,0.513999939,0.611000061,0.6660000086,0.7459999323,1.4179999828,0.4420001507,0.5519999266,0.6169999838,0.8460000753,1.4160001278,0.4839999676,0.5830000639,0.6670000553,0.7760000229,2.2239999771,0.5120000839,0.628000021,0.7479999065,1.0900000334,2.4060001373,0.4599997997,0.6239999533,0.7719999552,1.2699999809,4.75
4,0.9766826643,1.0125690459,1.0181470931,1.0448820166,0,0,0.8450500011,20,0,0,0.6513684208,20,0.05,0,1.0764999962,20,0.1,0,1.0922105285,40,0.05,0,0.8243589758,40,0.025,0,1.2217222362,20,0.1,0,1.2608333339,40,0.1,0,0.14522224,0.1686228054,0.1486892778,0.1656173322,0.157153305,0.4700000286,0.5069999695,0.5699999332,0.8910000324,3.4210000038,0.4120001793,0.5019999743,0.5480000973,0.6669999361,1.4460000992,0.3940000534,0.5625,0.6664999723,1.2160000801,3.5360000134,0.378000021,0.5069999695,0.6499999762,0.949000001,6.0959999561,0.4200000763,0.5494999886,0.6529999971,0.7829999924,4.4249999523,0.4459998608,0.5919998884,0.69599998,1.078999877,5.4480001926,0.4240000248,0.5569999218,0.9319999218,1.4869999886,4.9400000572
0,0.3225538035,0.2599258849,0.3799896767,0.3420975083,0,0.00625,0.8015555583,20,0.1,0,0.6164499998,20,0,0,0.7560555447,20,0.1,0,0.7756285804,40,0.125,0,0.8800606103,40,0.175,0,0.9996470721,20,0.15,0,0.8365882371,40,0.15,0.025,0.2435915273,0.0609596568,0.7551965739,0.1604245076,0.4578105408,0.3999998569,0.628000021,0.6600000858,0.7719999552,1.1560001373,0.4910001755,0.5565000772,0.6200000048,0.6639999151,0.743999958,0.5360000134,0.6200000048,0.6400001049,0.7319998741,0.992000103,0.4070000649,0.5360000134,0.6315000057,0.7434998751,1.4719998837,0.3999998569,0.5,0.5759999752,0.6720000505,5.0799999237,0.4800000191,0.6599999666,0.7599999905,1.0080001354,1.6719999313,0.2250001431,0.5240000486,0.6079999208,0.7680000067,2.4400000572
4,0.5565872142,0.5506683626,0.4658600074,0.4446869284,0,0,0.8405882628,20,0.15,0,0.6782631533,20,0.05,0.05,0.886666673,20,0.1,0,0.8320571286,40,0.125,0,0.6468000003,40,0.125,0,1.1400588137,20,0.15,0,1.0005454465,40,0.175,0,0.2533921406,0.1684883179,0.4552604411,0.3616715648,0.4084660029,0.5680000782,0.6240001917,0.6639999151,0.7285000086,1.6470000744,0.0190000534,0.5559999943,0.6200000048,0.6679999828,1.1330001354,0.5199999809,0.6079999208,0.688000083,0.924000144,1.9279999733,0.4400000572,0.5644999743,0.6519999504,0.7839999199,2.3529999256,0.3919999599,0.4845000505,0.5599999428,0.6399998665,0.864000082,0.4409999847,0.635999918,0.7640000582,1.0399999619,2.9209997654,0.3519999981,0.5360001326,0.6720000505,1.0719999075,2.5440001488
0,0.1767174496,0.1767174496,0.3993015062,0.3906083408,0,0,0.8928500056,20,0,0,0.8182999969,20,0,0,0.8268999934,20,0,0,0.8248717958,40,0.025,0,0.7590250015,40,0,0,0.8630500078,20,0,0,0.7678684157,40,0.05,0,0.0361500144,-0.0570033802,0.2045639211,-0.1427577389,0.0309030911,0.7260000706,0.8429999352,0.8819999695,0.9430000782,1.0869998932,0.739000082,0.7690000534,0.8125,0.8389998674,0.993999958,0.7170000076,0.7814999819,0.8200000525,0.8429999352,1.1679999828,0.5629999638,0.690500021,0.7304999828,0.7760000229,3.9450001717,0.6819999218,0.7279999256,0.7515000105,0.7709999084,0.9079999924,0.6519999504,0.7319998741,0.7810000181,0.9160000086,1.625,0.4849998951,0.6509999037,0.690500021,0.8215000629,1.2860000134
4,0.2833077787,0.2499033386,0.2777099785,0.2323523677,0,0,0.6882999897,20,0,0,0.6239000082,20,0,0,0.7542500019,20,0,0,0.6663500011,40,0,0,0.7458378312,40,0.075,0,0.9221111049,20,0.1,0,0.8706285749,40,0.125,0,0.167861103,0.2042785738,0.5925043913,0.7355824047,0.664043398,0.4990000725,0.5720000267,0.6400001049,0.7034999132,1.5650000572,0.4530000687,0.5335000753,0.574000001,0.6610000134,1.0069999695,0.4649999142,0.6644999981,0.7120000124,0.8344999552,1.3020000458,0.4770002365,0.5964999199,0.6539999247,0.7259999514,0.9689998627,0.4520001411,0.5270000696,0.6125000715,0.682000041,2.751999855,0.4739999771,0.6454999447,0.7509999275,1.0484999418,1.5879998207,0.4660000801,0.6324999332,0.7229999304,0.8675000668,1.8190000057
0,0.511412931,0.4886673765,0.3985758347,0.3530615752,0,0.01875,1.0068421148,20,0.05,0,0.7606111013,20,0.1,0,1.0953529459,20,0.15,0.05,1.058781254,40,0.2,0.025,0.9657428537,40,0.125,0,1.4123846186,20,0.35,0,0.9291613044,40,0.225,0,0.3170316727,-0.1296199496,0.6199132902,-0.3252077481,0.1473527711,0.6579999924,0.7769999504,0.9160000086,1.0855001211,1.5429999828,0.4600000381,0.568500042,0.6550000906,0.7279999256,1.2339999676,0.2300000191,0.7580000162,0.8975000381,1.2300000191,2.0290000439,0.2060000896,0.7175000906,0.8520001173,1.0439999104,2.1930000782,0.4609999657,0.6755000353,0.7495000362,1.0095000267,1.6080000401,0.510999918,0.7525000572,1.0520000458,1.3350000381,2.3320000172,0.3080000877,0.5219999552,0.6895000935,0.9739999771,1.6430001259
0,0.4022603562,0.3654184866,0.3611042069,0.3441965061,0,0,0.8728999972,20,0,0,0.7943499923,20,0,0,0.9076666742,20,0.1,0,0.7152105229,40,0.05,0,0.740717948,40,0.025,0,1.1601176419,20,0.15,0,0.9342105236,40,0.05,0,0.2524509677,0.2190000007,0.6275810276,0.6064731358,0.6170270817,0.5870001316,0.6364998817,0.7115000486,0.9725000858,2.3119997978,0.5599999428,0.6919999123,0.815500021,0.8840000629,1.1679999828,0.4579999447,0.6890000105,0.7645000219,0.9724999666,1.5759999752,0.4159998894,0.5634999275,0.6239999533,0.7675000429,2.2159998417,0.4160001278,0.5800000429,0.6720000505,0.736000061,1.6480000019,0.5210001469,0.8000000715,0.9494999647,1.2959998846,2,0.4329998493,0.6120001078,0.8000000715,1.0874999762,2.0160000324
1,0.500112673,0.4718258897,0.4769082191,0.4662471889,0,0,0.687499991,20,0.1,0,0.7479473701,20,0.05,0,1.4209285818,20,0.3,0,1.0466571467,40,0.125,0,0.8293783739,40,0.075,0.025,1.1048947294,20,0.05,0,0.9457948748,40,0.025,0,-0.3160338524,-0.1008622719,-0.6319253029,-0.2114919976,-0.4217086502,0.382999897,0.4764999151,0.6080000401,0.6955000162,0.9760000706,0.4470000267,0.5580000877,0.6474999189,0.7244998217,1.5929999352,0.6079998016,0.9879999161,1.3270000219,1.6114999056,2.5600001812,0.4000000954,0.6319999695,0.8254998922,1.1119999886,2.8220000267,0.1360001564,0.5119999647,0.6640000343,0.8799999952,2.5429999828,0.5520000458,0.8120000362,0.9319999218,1.3399999142,2.2479999065,0.4640002251,0.6759998798,0.7800000906,1.0505000353,2.112000227
0,0.2656343033,0.2446227313,0.2643307015,0.2539863414,0,0,0.9416000009,20,0,0,0.6929499984,20,0,0,0.8610000014,20,0,0,0.7302750051,40,0,0,0.8263589715,40,0.025,0,1.086315786,20,0.05,0,0.9487692322,40,0.025,0,0.2253157845,0.2184942271,0.8482179514,0.8265942089,0.8374060801,0.6730000973,0.7909998894,0.8334999084,1.0399999619,1.8960001469,0.5230000019,0.6260000467,0.6710000038,0.7269999981,1.1119999886,0.6949999332,0.7794998884,0.8330000639,0.8864998817,1.3080000877,0.5739998817,0.6419999599,0.689999938,0.7999999523,1.0679998398,0.5409998894,0.6590000391,0.7289999723,0.8554999828,1.6889998913,0.6490001678,0.8680000305,0.9984999895,1.2175000906,1.649999857,0.6130001545,0.7380000353,0.8604999781,0.9895000458,2.0699999332
0,0.4699874407,0.4485134352,0.4390660591,0.4121295191,0,0,0.7331666591,20,0.1,0,0.734500015,20,0.1,0,0.9750625145,20,0.2,0,0.7683030285,40,0.175,0,0.876676463,40,0.15,0.025,1.1681249839,20,0.2,0,1.0434999974,40,0.15,0,0.1930624694,0.2751969689,0.4107821883,0.6267780513,0.5187801198,0.4830000401,0.5799999237,0.6410000324,0.675999999,1.121999979,0.3970000744,0.5584999323,0.6560000181,0.7680000067,1.1199998856,0.3239998817,0.7059999704,0.7545000315,0.8645000458,2.1380000114,0.3519999981,0.568500042,0.6284999847,0.7395000458,1.3159999847,0.2669999599,0.5230000019,0.7074999809,0.868999958,2.5799999237,0.5940001011,0.6629999876,0.7960000038,1.2039999962,2.2369999886,0.4340000153,0.6630001068,0.7805000544,1.0789999962,2.7920000553
0,0.3150821125,0.2460846436,0.5618037063,0.5439202633,0,0.00625,1.0318333483,20,0.1,0,0.8101052646,20,0.05,0,1.0774705848,20,0.15,0,0.7982972967,40,0.075,0,0.930297292,40,0.075,0,0.9195882309,20,0.15,0,1.2586363544,40,0.175,0.025,-0.1578823538,0.4603390577,-0.5010832021,0.8193948393,0.1591558186,0.6990001202,0.8159999847,0.9355000257,1.005499959,1.7910001278,0.5930001736,0.6854999065,0.7209999561,0.8125,1.1340000629,0.7509999275,0.8075000048,0.9160000086,1.0275000334,1.4470000267,0.5429999828,0.6374999285,0.7135000229,0.8369998932,1.2430000305,0.5369999409,0.7645000219,0.8609999418,0.9620000124,2.125,0.6139998436,0.6729999781,0.7374999523,0.9279999733,2.4839999676,0.1880002022,0.6335000992,0.8014999628,1.4149999619,4.0230000019
4,0.237702883,0.1839658328,0.3455833935,0.3066331701,0,0,0.8296000004,20,0,0,0.8094705711,20,0.15,0,0.7828888936,20,0.1,0,0.9199090825,40,0.175,0,1.1289032293,40,0.225,0,0.7765263166,20,0.05,0,0.7310750008,40,0,0,-0.006362577,-0.1888340817,-0.0267669322,-0.5464211686,-0.2865940504,0.5099999905,0.6325000525,0.8144999743,1.0380001068,1.2839999199,0.3679997921,0.5119999647,0.6565001011,0.7949999571,1.0859999657,0.4040000439,0.565500021,0.7304999828,0.8220000267,1.0320000649,0.4359998703,0.5835000277,0.7174999714,0.8999999762,2.484000206,0.396999836,0.6380000114,0.9110001326,1.1069999933,2.3039999008,0.5,0.5889999866,0.7050000429,0.7944999933,1.2840001583,0.4409999847,0.6169999838,0.700999856,0.7879998684,1.8190000057
0,0.4275315461,0.4275315461,0.4033815443,0.4033815443,0,0,1.0207999945,20,0,0,1.1778421061,20,0.05,0,1.0767000079,20,0,0,0.9782999992,40,0,0,0.8240526322,40,0.05,0,1.00825001,20,0,0,1.012924999,40,0,0,-0.0684499979,0.0346249998,-0.1601051397,0.0858368467,-0.0371341465,0.6590001583,0.7829999924,0.882999897,0.9924999475,2.6569998264,0.5349998474,0.686999917,0.7769999504,1.5340000391,3.496999979,0.5869998932,0.7344999313,0.9270000458,1.3970000744,1.8570001125,0.5880000591,0.7389999628,0.8465000391,1.1399999857,1.8480000496,0.4730000496,0.605500102,0.6860001087,0.8134999275,2.010999918,0.5430002213,0.6704999208,0.881000042,1.1924999952,2.1949999332,0.5590000153,0.7204999924,0.9069999456,1.0620000362,2.6480000019
2,0.4367718471,0.4304395226,0.628707958,0.6346002596,0,0.00625,0.9771999955,20,0,0,1.0084999919,20,0,0,1.2167500019,20,0,0,1.1310833338,40,0.1,0,0.9406750023,40,0,0,1.1907777829,20,0.1,0,0.9867222153,40,0.1,0.025,-0.025972219,-0.1443611185,-0.059464041,-0.2296155419,-0.1445397915,0.5920000076,0.8114999533,0.8995000124,0.9990000725,2.4270000458,0.6849999428,0.7824999094,0.8439999819,1.073499918,2.7160000801,0.8149998188,0.8935000896,1.1085000038,1.3489999771,2.513999939,0.6119999886,0.7714999914,0.8690000772,1.0505001545,5.4049999714,0.5859999657,0.747500062,0.8910000324,1.0314999819,2.1700000763,0.5999999046,0.8734998703,0.9780000448,1.122500062,2.4160001278,0.2219998837,0.7389999628,0.8794999123,1.0375001431,1.9339997768
4,0.5528580065,0.54679524,0.3124346198,0.2905166569,0,0,0.6019000053,20,0,0,0.597300005,20,0,0,0.8837000012,20,0,0,0.8572105204,40,0.05,0,0.6609749973,40,0,0,1.2202105306,20,0.05,0,0.7405000019,40,0.05,0,0.3365105294,-0.1167105185,0.6086744253,-0.3735518126,0.1175613064,0.4429998398,0.5365000963,0.5865000486,0.6589999199,0.7730000019,0.4409999847,0.4950000048,0.5414999723,0.6619999409,1.0519998074,0.5659999847,0.7129999399,0.8335000277,0.9605001211,1.8059999943,0.4479999542,0.6319999695,0.7254999876,0.9284999371,1.9759998322,0.4300000668,0.5384999514,0.5949999094,0.6590000391,2.0349998474,0.5679998398,0.7689999342,1.0110000372,1.55400002,3.6480000019,0.3789999485,0.5645000935,0.6669999361,0.8474999666,1.2939999104
0,0.3113504767,0.2321634851,0.368721287,0.3311056969,0,0.00625,0.7204210542,20,0.05,0,0.5903684124,20,0.05,0,0.8004444483,20,0.1,0,0.768666669,40,0.1,0,0.8552666585,40,0.25,0.025,0.8774000009,20,0.25,0,0.8193823677,40,0.15,0.025,0.0769555526,0.0507156987,0.2471669658,0.1375448082,0.192355887,0.5360000134,0.6039999723,0.635999918,0.6915000677,1.0559999943,0.4149999619,0.4354999065,0.5199999809,0.5684999228,1.2159998417,0.4559998512,0.5920001268,0.6559998989,0.824000001,1.4399998188,0.4000000954,0.5399999619,0.6959998608,0.8480000496,1.3600001335,0.1130001545,0.5,0.5999999046,0.7204999924,1.888999939,0.4240000248,0.5399999619,0.6679999828,0.9839999676,1.5920000076,0.1040000916,0.5360000134,0.6200000048,0.7674999237,2.6879999638
4,0.3636444358,0.3212269325,0.3405754813,0.2866931024,0,0,0.7659473705,20,0.05,0,0.7515882341,20,0.15,0,0.8721176473,20,0.15,0,0.7724166687,40,0.1,0,0.8889428616,40,0.125,0,0.7405555423,20,0.1,0,0.7576666752,40,0.25,0,-0.131562105,-0.0147499935,-0.3617877576,-0.0433090293,-0.2025483934,0.5039999485,0.6275000572,0.7119998932,0.747500062,1.1759998798,0.4079999924,0.5479999781,0.5715000629,0.6604999304,1.5989999771,0.4400000572,0.5640000105,0.6119999886,0.9285000563,1.9049999714,0.3919999599,0.4880000353,0.5920000076,0.7364999056,1.6789999008,0.4720001221,0.6119998693,0.7245000601,0.8639999628,2.1119999886,0.4160001278,0.4995000362,0.6204999685,0.736000061,1.6159999371,0.3759999275,0.4795000553,0.5839999914,0.6480000019,1.623000145
0,0.2269703209,0.2269703209,0.232781113,0.1249923462,0,0.0125,0.6790499926,20,0,0,0.7337647062,20,0.15,0,0.7215999961,20,0,0,0.7732647113,40,0.15,0,0.6619210529,40,0.05,0,0.6815500021,20,0,0.05,0.7027222225,40,0.1,0,-0.040049994,-0.0705424888,-0.1764547622,-0.3030421493,-0.2397484557,0.5679998398,0.6319999695,0.6879999638,0.7105000019,0.7999999523,0.5120000839,0.5520000458,0.5755000114,0.6805000305,0.9919998646,0.5759999752,0.6115000248,0.6635000706,0.7519999743,1.4389998913,0.5120000839,0.6000000238,0.6564999819,0.7355000973,0.879999876,0.4960000515,0.5759999752,0.6160000563,0.6719999313,1.7599999905,0.0169999599,0.5839999914,0.6560000181,0.7280000448,1.3910000324,0.4800000191,0.5599999428,0.5914999247,0.7039999962,1.2799999714
2,0.4044356656,0.3905422505,0.2803974029,0.2735226224,0,0.00625,0.6892222208,20,0.1,0,0.6782777749,20,0.1,0,0.7178333378,20,0.1,0,0.6842432419,40,0.075,0.025,0.7118108154,40,0.075,0,1.188684216,20,0.05,0,0.9731999993,40,0,0,0.4708508783,0.2889567574,1.1642170023,1.0305257983,1.0973714003,0.4960000515,0.5434999466,0.6085000038,0.6555000544,0.8289999962,0.4479999542,0.5280001163,0.560000062,0.624499917,1.2089998722,0.4639999866,0.5759999752,0.6560000181,0.7039999962,0.8960001469,0.0959999561,0.5920000076,0.6400001049,0.6720000505,0.9600000381,0.4960000515,0.5759999752,0.6320000887,0.7039999962,1.3599998951,0.5279998779,0.7519999743,1.2875000238,1.4800000191,1.7279999256,0.5439999104,0.7350000143,0.9199999571,1.2640000582,1.4240000248
0,0.5226448115,0.5226448115,0.4518579931,0.4439984418,0,0,1.3486999989,20,0,0,0.8098999977,20,0,0,1.1451500058,20,0,0,0.8699743616,40,0.025,0,0.8155897449,40,0.025,0,0.9611000061,20,0,0,0.8802972946,40,0.075,0,-0.1840499997,0.010322933,-0.3521512042,0.0228455248,-0.1646528397,0.5930001736,0.7200000286,0.7715001106,0.9589998722,9.5130000114,0.5039999485,0.5760000944,0.6319999695,0.9479999542,1.9679999352,0.5920000076,0.7559999228,0.9285000563,1.364000082,2.7599999905,0.375,0.5795000792,0.6560000181,1.0590000153,1.9449999332,0.4550001621,0.5960000753,0.6635000706,0.8529999256,1.9110000134,0.5130000114,0.6190000772,0.8289999962,1.1514999867,2.367000103,0.3919999599,0.6039999723,0.6720000505,0.8604999781,3.0160000324
3,0.7271943615,0.7271943615,0.5731631712,0.5715418656,0,0,1.5657500029,20,0,0,0.7903999925,20,0,0,1.609799993,20,0,0,0.9828000009,40,0,0,1.025150001,40,0,0,1.1774000049,20,0,0,1.1800769283,40,0.025,0,-0.4323999882,0.1972769274,-0.5946140551,0.3441898176,-0.1252121187,0.5999999046,1.0205000639,1.3370000124,1.7580000162,5.1730000973,0.5209999084,0.5759999752,0.6445000172,0.8035000563,1.7349998951,0.7269999981,0.9840000868,1.4684998989,1.7275000811,4.3329999447,0.4800000191,0.6684999466,0.8569999933,1.1690000296,2.5369999409,0.5759999752,0.7290000916,0.8734999895,1.0080000162,2.745000124,0.7509999275,0.8439999819,1.0199999809,1.3115000725,2.5740001202,0.5590000153,0.8444999456,0.9789999723,1.2245000601,3.5289998055
0,0.4130257377,0.4014839495,0.2844365988,0.2239573414,0,0,0.6510500073,20,0,0,0.7220526279,20,0.05,0,0.6843000054,20,0,0,0.7792000089,40,0.125,0,0.61986842,40,0.05,0,0.9790526475,20,0.05,0,0.7561944434,40,0.1,0,0.2947526421,-0.0230055655,0.7136423114,-0.0808811721,0.3163805696,0.5200002193,0.6119999886,0.6514999866,0.6719999313,0.8300001621,0.4960000515,0.5640000105,0.628000021,0.7359999418,1.1679999828,0.4560000896,0.5480000973,0.6269999743,0.7074999809,1.8550000191,0.4400000572,0.5479999781,0.6394999027,0.8244999647,1.1600000858,0.4160001278,0.5044999123,0.560000062,0.6599999666,0.9130001068,0.489000082,0.5924999714,0.7200000286,1.2160000801,2.135999918,0.3359999657,0.496499896,0.5995000601,0.7790000439,1.3199999332
4,0.3148008527,0.2828312624,0.2763843526,0.18549722,0,0.00625,0.7574736731,20,0.05,0,0.6657222287,20,0.1,0,0.8185789495,20,0.05,0,0.8075151614,40,0.175,0,0.7220285688,40,0.125,0,0.8247222281,20,0.1,0,0.7344571386,40,0.125,0.025,0.0061432786,-0.0730580228,0.0195148092,-0.2643348731,-0.122410032,0.5099999905,0.5799999237,0.6800000668,0.7804999352,1.2460000515,0.4159998894,0.4839999676,0.5490000248,0.6559998989,1.0160000324,0.5440001488,0.6719999313,0.7080000639,0.7994999886,1.4790000916,0.4170000553,0.5234999657,0.6399999857,0.7924998999,1.1760001183,0.4240000248,0.5,0.5735000372,0.6799999475,1.3120000362,0.4150002003,0.5279999971,0.7040001154,0.8595000505,1.8159999847,0.2720000744,0.5204999447,0.628000021,0.7079999447,1.3759999275
0,0.3795137634,0.322403055,0.2821180742,0.2328963492,0,0,0.8265555477,20,0.1,0,0.7838421154,20,0.05,0,0.7457894812,20,0.05,0,0.603125,40,0,0,0.6931142807,40,0.125,0,0.9999333223,20,0.25,0,0.859028571,40,0.125,0,0.2541438411,0.255903571,0.669656454,0.9070796746,0.7883680643,0.5710000992,0.6564998627,0.7020001411,0.8509999514,1.1599998474,0.4900000095,0.5314999819,0.6245000362,0.7939999104,2.0180001259,0.5399999619,0.5690000057,0.6629999876,0.8335000277,1.1270000935,0.4739999771,0.5319999456,0.5724999905,0.6470000744,1.013999939,0.4440000057,0.5299999714,0.6080000401,0.7319999933,1.3050000668,0.4749999046,0.6144999266,0.7280000448,0.8574999571,2.3819999695,0.3429999352,0.576499939,0.7339999676,0.8529999256,1.5759999752
0,0.3554464737,0.2906918397,0.2526779075,0.1452139868,0,0.0125,0.6848500013,20,0,0,0.7235625041,20,0.2,0,0.7587894676,20,0.05,0.05,0.6433333267,40,0.1,0,0.7100833299,40,0.1,0,0.9957333406,20,0.25,0,0.7826060625,40,0.175,0,0.236943873,0.1392727357,0.6666091536,0.5511868335,0.6088979936,0.5160000324,0.6130000353,0.6664999723,0.7344999313,0.9379999638,0.3580000401,0.5230000019,0.6015000343,0.6375000477,0.9379999638,0.0759999752,0.6384999752,0.6815000772,0.9110000134,1.2460000515,0.4140000343,0.5250000954,0.567499876,0.6235001087,0.9149999619,0.4289999008,0.5394999981,0.6010000706,0.703999877,1.3009998798,0.5010001659,0.6600000858,0.7185000181,0.8374999762,1.9199998379,0.393999815,0.5635000467,0.6710000038,0.7749999762,1.010999918
1,0.2705030435,0.1292314206,0.2532329363,0.192871356,0,0.00625,0.590049994,20,0,0,0.6010526266,20,0.05,0,0.8582307544,20,0.35,0,0.6248648628,40,0.075,0.025,0.8315588112,40,0.15,0,0.7635000059,20,0.1,0,0.7508333434,40,0.1,0,-0.0947307485,0.1259684806,-0.3502021539,0.4974411403,0.0736194932,0.4459998608,0.5335000753,0.5735000372,0.6260000467,0.8249998093,0.4509999752,0.5264999866,0.5720000267,0.6180000305,0.6849999428,0.3519999981,0.4390000105,0.5584999323,0.7150001526,1.0609998703,0.0609998703,0.5130000114,0.5715000629,0.6464999914,1.1430001259,0.4149999619,0.5700000525,0.6290000677,0.7784999609,2.3269999027,0.5569999218,0.63349998,0.7109999657,0.7849999666,0.9100000858,0.4520001411,0.5559999943,0.6204999685,0.7814999819,1.3259999752
0,0.3926200609,0.3614527662,0.3203805872,0.2996076546,0,0,0.7479500055,20,0,0,0.7257222244,20,0.1,0,0.7614736843,20,0.05,0,0.8122105257,40,0.05,0,0.7887250006,40,0,0,1.1475000027,20,0.1,0,0.9043947368,40,0.05,0,0.3860263183,0.0921842111,0.9832057931,0.2877334482,0.6354696206,0.5199999809,0.6230000257,0.7195000649,0.8760000467,1.121999979,0.4850001335,0.5234999657,0.6004999876,0.6344999075,1.3870000839,0.4590001106,0.621999979,0.6709998846,0.7919999361,1.2109999657,0.478000164,0.5885000229,0.6514999866,0.8109999895,2.0630002022,0.4869999886,0.638999939,0.7185001373,0.8259999752,2.013999939,0.5670001507,0.7265000343,0.9255000353,1.3545000553,2.0469999313,0.495000124,0.6749999523,0.7954999208,1.0634999275,1.4839999676
4,0.3605229538,0.3321876471,0.3996870818,0.3743458331,0,0,0.698578951,20,0.05,0,0.675333332,20,0.1,0,0.8066000104,20,0,0,0.6968918888,40,0.075,0,0.7947027049,40,0.075,0,0.9495294111,20,0.15,0,0.9420833299,40,0.1,0,0.1429294007,0.2451914411,0.3964502099,0.6134585085,0.5049543592,0.5659999847,0.6125000715,0.6410000324,0.699000001,0.8999998569,0.4619998932,0.5599999428,0.5889999866,0.6625000238,0.7419998646,0.493999958,0.6224999428,0.7139999866,0.9895000458,1.4530000687,0.4300000668,0.566000104,0.6614999771,0.7139999866,0.7840001583,0.4979999065,0.6154999733,0.7044999599,0.8474999666,1.5929999352,0.4689998627,0.5629999638,0.6904999018,1.0070000887,1.646999836,0.4739999771,0.611000061,0.7100000381,0.9670000076,3.1150000095
0,0.2376969835,0.1599827107,0.1942965511,0.1138276569,0,0,0.6573888768,20,0.1,0,0.6078421101,20,0.05,0,0.6687222232,20,0.1,0,0.5439249992,40,0,0,0.7458529489,40,0.15,0,0.7768333398,20,0.1,0,0.725857142,40,0.125,0,0.1081111166,0.1819321428,0.4548274657,0.9363632128,0.6955953392,0.4379999638,0.5170000792,0.5345000029,0.6019999981,1.0899999142,0.506000042,0.5345000029,0.5629999638,0.613499999,0.6860001087,0.5179998875,0.5569999218,0.574000001,0.6410000324,1.0350000858,0.4269998074,0.4835000038,0.5235000849,0.5855000019,0.7769999504,0.4500000477,0.5069999695,0.5904999971,0.6639999151,1.0580000877,0.4500000477,0.618999958,0.6804999113,0.8439999819,1.3499999046,0.495000124,0.5674999952,0.6300001144,0.7369998693,1.0460000038
2,0.2456146416,0.2110987765,0.2037611105,0.1470683866,0,0,0.6326470532,20,0.15,0,0.6631110949,20,0.1,0.05,0.8458947418,20,0.05,0,0.6925897466,40,0.025,0,0.6503142902,40,0.125,0,0.6463157915,20,0.05,0,0.7330833385,40,0.1,0,-0.1995789503,0.0404935919,-0.8125694337,0.1987307183,-0.3069193577,0.3710000515,0.4609999657,0.5004999638,0.624499917,0.8210000992,0.1680002213,0.5004999638,0.5735000372,0.6694999933,0.9339997768,0.5959999561,0.6860001087,0.7705000639,0.8999998569,1.64199996,0.5510001183,0.6074999571,0.6530001163,0.7199999094,0.9219999313,0.3599998951,0.4725000858,0.5454999208,0.6464999914,1.0009999275,0.506000042,0.5229998827,0.5625,0.6355000734,1.0580000877,0.4730000496,0.568500042,0.624499917,0.7085000277,1.5299999714
0,0.5225562522,0.4628722347,0.3641449466,0.3396901295,0,0.00625,0.7923888673,20,0.1,0.05,0.6435263192,20,0.05,0,0.7067000031,20,0,0,0.6428205162,40,0.025,0.025,0.6299743581,40,0.025,0,1.3414666653,20,0.25,0,0.9740000104,40,0.075,0,0.6347666621,0.3311794941,1.2147336473,0.909471619,1.0621026331,0.2710001469,0.5879999399,0.7304999828,0.8164999485,1.1459999085,0.5119998455,0.5544999838,0.5885000229,0.6260000467,0.9470000267,0.5460000038,0.5964999199,0.6570000649,0.7614998817,1.3410000801,0.2330000401,0.5284999609,0.5770000219,0.6994999647,1.131000042,0.4399998188,0.5159999132,0.6054999828,0.6755000353,1.0720000267,0.5929999352,0.7619999647,0.9974999428,1.2245000601,2.8239998817,0.5549998283,0.6915000677,0.7970000505,0.9724999666,2.399999857
1,0.6257260911,0.6277604506,0.5699466864,0.5677141646,0,0,0.7688500047,20,0,0,0.9559285825,20,0.3,0,1.0171052817,20,0.05,0,0.9214864818,40,0.075,0,0.7015999973,40,0,0,0.919999992,20,0.05,0,1.0765882397,40,0.15,0,-0.0971052898,0.1551017578,-0.1551881744,0.2721338004,0.058472813,0.5840001106,0.6369999647,0.7849999666,0.8509999514,1.0520000458,0.5350000858,0.6004999876,0.692499876,0.8595001698,5.2820000649,0.609000206,0.6779999733,0.7745000124,0.8734999895,4.3270001411,0.4690001011,0.6144999266,0.7355000973,0.8919999599,4.0690000057,0.4559998512,0.5865000486,0.686999917,0.7425000668,1.1800000668,0.493999958,0.7120000124,0.7755000591,0.9050000906,1.9419999123,0.4820001125,0.628000021,0.7619999647,1.2094999552,2.1159999371
0,0.3324002735,0.3202460953,0.2092333077,0.1570969744,0,0.0125,0.7369473643,20,0.05,0,0.7072631595,20,0.05,0,0.8439999938,20,0,0,0.6660810816,40,0.075,0.05,0.7716216085,40,0.075,0,0.9714736723,20,0.05,0,0.7755789478,40,0.05,0,0.1274736785,0.1094978662,0.3834945054,0.5233290408,0.4534117731,0.5230000019,0.6629999876,0.6950000525,0.7379999161,0.9210000038,0.5509998798,0.5900000334,0.6545000076,0.7180000544,1.001999855,0.7189998627,0.7604999542,0.8220001459,0.8730000257,1.3200001717,0.2260000706,0.5584999323,0.6015000343,0.6495000124,0.9589998722,0.5210001469,0.6299999952,0.6780000925,0.7559999228,1.2039999962,0.6010000706,0.6505000591,0.8039999008,0.9304999113,2.2449998856,0.4309999943,0.6469999552,0.7234998941,0.8345000744,1.2100000382
3,0.4845121676,0.4901851529,0.394614057,0.4052472171,0,0.00625,0.7073333104,20,0.25,0,0.7688125026,20,0.2,0,1.5167777803,18,0,0,1.3941281994,40,0.025,0,0.6874722219,40,0.1,0,0.7069999956,20,0.05,0,0.835833327,40,0.25,0.025,-0.8097777847,-0.5582948724,-1.6713260035,-1.4147870874,-1.5430565454,0.4309999943,0.5045000315,0.5310000181,0.5724998713,0.9029998779,0.3420000076,0.5094999075,0.5874999762,0.7185000181,1.0119998455,1.260999918,1.3430000544,1.4370000362,1.7220001221,35.6649999619,1.0820000172,1.2250000238,1.3054999113,1.4139999151,2.2020001411,0.3869998455,0.5295000076,0.6204999685,0.7029999495,0.993999958,0.4720001221,0.5674999952,0.6290000677,0.7545000315,1.2929999828,0.2400000095,0.5695000887,0.6539999247,0.7850000858,0.9769999981
0,0.2816182617,0.2549522127,0.2053661254,0.2053661254,0,0,0.8205789425,20,0.05,0,0.6655500054,20,0,0,0.772631586,20,0.05,0,0.667750001,40,0,0,0.732684208,40,0.05,0,0.8623157963,20,0.05,0,0.7625500023,40,0,0,0.0896842103,0.0948000014,0.3184602085,0.4616145979,0.3900374032,0.5759999752,0.6725000143,0.7725000381,0.8914999962,1.0559999943,0.5120000839,0.5855000019,0.6240000725,0.7399998903,1.0470001698,0.5370001793,0.6004998684,0.7080001831,0.8274999857,1.1520001888,0.4480001926,0.5640001297,0.6039998531,0.7439998388,1.143999815,0.4879999161,0.5840001106,0.6479998827,0.7879999876,1.2400000095,0.4719998837,0.5959999561,0.6679999828,0.9355000257,1.6319999695,0.4959998131,0.6000000238,0.6679999828,0.9079999924,1.5580000877
4,0.5452583192,0.5444136692,0.298940126,0.2780276936,0,0,0.6853500009,20,0,0,0.5254999995,20,0,0,0.7611666695,20,0.1,0,0.795256412,40,0.025,0,0.6769210575,40,0.05,0,0.8837894801,20,0.05,0,0.7295135109,40,0.075,0,0.1226228106,-0.0657429011,0.2248893896,-0.2199199618,0.0024847139,0.5260000229,0.5959999561,0.6524999142,0.69599998,1.1640000343,0.4000000954,0.4480000734,0.5119999647,0.5720000267,0.7119998932,0.496999979,0.5720001459,0.6505001783,0.8799999952,1.3839998245,0.4639999866,0.6160001755,0.7480000257,0.815500021,2.1679999828,0.4800000191,0.5639998913,0.6224999428,0.7434999943,1.0320000649,0.4719998837,0.5560001135,0.6919999123,0.7359999418,3.7339999676,0.4639999866,0.5455000401,0.5925000906,0.7240000963,1.7839999199
0,0.3576552651,0.3576552651,0.3703041914,0.3623464171,0,0,0.8069499969,20,0,0,0.7579500079,20,0,0,0.7473500013,20,0,0,0.720102566,40,0.025,0,0.8348749995,40,0,0,1.1319500089,20,0,0,0.9259230775,40,0.025,0,0.3846000075,0.2058205115,1.0753371895,0.5558146959,0.8155759427,0.6019999981,0.6464999914,0.6950000525,0.8624999523,1.4690001011,0.5319998264,0.6355000734,0.7120000124,0.8715000153,1.3129999638,0.6169998646,0.6619999409,0.7230000496,0.7695000172,1.1699998379,0.5039999485,0.5980000496,0.6365001202,0.7224999666,1.2179999352,0.496999979,0.6009999514,0.7849999666,1.0155000687,1.6119999886,0.6549999714,0.8165000677,1.05400002,1.2230000496,2.1889998913,0.492000103,0.5909999609,0.7770000696,1.0674999952,2.5680000782
1,0.7521957643,0.849214657,0.3523671051,0.2874847814,0,0,0.6909000039,20,0,0,0.693105262,20,0.05,0,1.479111112,20,0.55,0,0.871769225,40,0.35,0,0.7178888761,40,0.1,0,1.1806666629,20,0.1,0,0.8626176416,40,0.15,0,-0.2984444491,-0.0091515834,-0.3967643308,-0.0259717303,-0.2113680306,0.5020000935,0.5525000095,0.6150000095,0.6744999886,1.3450000286,0.4470000267,0.5285000801,0.6100000143,0.7184998989,1.1470000744,0.5209999084,0.8084999323,1.0904999971,2.0950000286,2.7859997749,0.373000145,0.4370000362,0.5499999523,0.6889998913,3.492000103,0.3409998417,0.4874999523,0.5410000086,0.6605000496,2.4279999733,0.4800000191,0.5705000162,0.7399998903,1.2024999857,4.7790000439,0.4130001068,0.5445001125,0.6485000849,0.8659999371,1.7239999771
0,0.4825277523,0.4601261049,0.3453498284,0.2730857618,0,0,0.7338947407,20,0.05,0,0.5799499989,20,0,0,0.7172500014,20,0,0,0.8124838817,40,0.225,0,0.8029999903,40,0.175,0,1.1765000068,20,0.1,0,0.8665625033,40,0.2,0,0.4592500054,0.0540786216,0.9517587395,0.1565908454,0.5541747925,0.5839998722,0.6445000172,0.6714999676,0.7845001221,1.0220000744,0.4389998913,0.500500083,0.5440000296,0.6485000849,0.8329999447,0.5360000134,0.6119999886,0.6684999466,0.7599999905,1.2150001526,0.4400000572,0.5204999447,0.5834999084,0.7079999447,1.6549999714,0.4479999542,0.5520000458,0.6119998693,0.736000061,2.8240001202,0.7359998226,0.8200000525,0.9485000372,1.0964999199,3.0230000019,0.4630000591,0.5920000076,0.6400001049,0.8205000162,1.745000124
4,0.4842459249,0.4747855225,0.3770182371,0.320212128,0,0,0.7561578911,20,0.05,0,0.6959444459,20,0.1,0,1.0245789513,20,0.05,0,0.948666652,40,0.25,0,1.1022499976,40,0.2,0,1.1626922886,20,0.35,0,0.7895714283,40,0.125,0,0.1381133373,-0.1590952237,0.2852132155,-0.4219828328,-0.0683848087,0.5190000534,0.5849999189,0.620000124,0.7720000744,1.6460001469,0.4880001545,0.5479999781,0.6194999218,0.6599999666,1.1670000553,0.6159999371,0.7120000124,0.8199999332,1.0725001097,2.7509999275,0.4480001926,0.5275001526,0.6479998827,0.8604998589,2.0069999695,0.3359999657,0.5520000458,0.7039999962,0.9119999409,3.4319999218,0.4230000973,0.5874999762,0.7240000963,1.0404999256,2.1929998398,0.3840000629,0.5204999447,0.6879999638,0.8279999495,1.6960000992
0,0.3787536695,0.3487167647,0.2049057402,0.1963746273,0,0,0.7116999984,20,0,0,0.5774000049,20,0,0,0.821449995,20,0,0,0.6390512775,40,0.025,0,0.8127000034,40,0,0,1.0265882313,20,0.15,0,0.7042500019,40,0,0,0.2051382362,0.0651987245,0.5416138581,0.3181888627,0.4299013604,0.5420000553,0.6135001183,0.6644998789,0.7440000772,1.3210000992,0.4800000191,0.5264999866,0.5490000248,0.5909999609,0.9819998741,0.5599999428,0.6340000629,0.7039999962,0.8484998941,1.5509998798,0.4659998417,0.548500061,0.5915000439,0.6475000381,1.0959999561,0.4709999561,0.5989999771,0.6995000839,0.8690000772,1.9140000343,0.4689998627,0.6180001497,0.7365000248,1.0809999704,1.8149998188,0.4789998531,0.5399999619,0.628500104,0.8429999352,1.8619999886
1,0.4523892097,0.4034369085,0.3062145582,0.2547782764,0,0.01875,0.5980500102,20,0,0,0.6422105247,20,0.05,0,1.18671431,20,0.3,0,0.7780000028,40,0.225,0.075,0.6423783764,40,0.075,0,0.8323157873,20,0.05,0,0.7816842139,40,0.05,0,-0.3543985227,0.0036842111,-0.7833929613,0.0120314695,-0.3856807459,0.4389998913,0.4945001602,0.5664999485,0.644499898,1.1850001812,0.4320001602,0.4704999924,0.551500082,0.6330000162,1.493999958,0.5800001621,0.7595000267,0.9149999619,1.1945000887,2.5439999104,0.1929998398,0.5105000734,0.6500000954,0.7459999323,0.9509999752,0.4399998188,0.5140000582,0.563000083,0.6734999418,0.8880000114,0.4440000057,0.5985000134,0.7564998865,0.8739999533,1.6970000267,0.5009999275,0.5870000124,0.6934999228,0.8390001059,2.1109998226
0,0.4788613236,0.4471873319,0.3711645686,0.3026739226,0,0,0.7478999972,20,0,0,0.8307500005,20,0,0,0.7922631475,20,0.05,0,0.7496500015,40,0,0,0.827027019,40,0.075,0,1.253941173,20,0.15,0,1.0691785741,40,0.3,0,0.4616780255,0.3195285726,0.9641163376,0.8608811281,0.9124987329,0.6259999275,0.6840000153,0.7195000649,0.8170000315,0.9570000172,0.4800000191,0.560000062,0.6889998913,0.809499979,2.128000021,0.4380002022,0.5815000534,0.6649998426,0.7395000458,1.6949999332,0.4589998722,0.6245001554,0.6924999952,0.7740000486,1.478000164,0.3880000114,0.5829999447,0.6834999323,0.8145000935,2.2900002003,0.6380000114,0.7580000162,0.8824999332,1.6420000792,2.4879999161,0.3460001946,0.5190000534,0.7294999361,0.9709999561,2.0680000782
4,0.365235308,0.3303823599,0.37667895,0.3518133662,0,0,0.6794499993,20,0,0,0.5737500072,20,0,0,1.0003529453,20,0.15,0,0.8997142928,40,0.125,0,0.9950606054,40,0.175,0,0.7673500061,20,0,0,0.7696923038,40,0.025,0,-0.2330029392,-0.130021989,-0.6379529419,-0.3451798646,-0.4915664033,0.5069999695,0.5615000725,0.6779999733,0.7274999619,1.0599999428,0.4460000992,0.488499999,0.5634999275,0.608500123,0.7699999809,0.4800000191,0.6184999943,0.7309999466,1.1064999104,2.1130001545,0.3800001144,0.4895000458,0.6885000467,1.1529999971,1.9329998493,0.4480001926,0.6485000849,0.7795000076,1.061999917,2.3429999352,0.3880000114,0.5855000019,0.7869999409,0.8515001535,1.4489998817,0.4429998398,0.5629999638,0.7005000114,0.8884999752,1.8199999332
0,0.3542624658,0.3174379227,0.4180315378,0.4147543883,0,0,1.0491111188,20,0.1,0,0.8178333351,20,0.1,0,0.8950000117,20,0.1,0,0.9348857062,40,0.125,0,0.8932702616,40,0.075,0,1.1628333108,20,0.1,0,1.0866750002,40,0,0,0.2678332991,0.151789294,0.7560306974,0.3631048862,0.5595677918,0.5620000362,0.7239999771,0.869500041,1.2170000076,1.9380002022,0.4670000076,0.5939999819,0.7470000982,0.8585000038,1.5240001679,0.5440001488,0.6690000296,0.733500123,0.8409999609,1.6980001926,0.5590000153,0.6440000534,0.7404998541,0.8550000191,2.2289998531,0.5300002098,0.6630001068,0.7289999723,0.9845000505,2.0069999695,0.6599998474,0.8464999199,1.0425000191,1.3035000563,2.6610000134,0.6339998245,0.7695000172,0.9110000134,1.2965000868,2.4460000992
0,0.2864912234,0.2713242451,0.2708502338,0.2279114849,0,0,0.7627499938,20,0,0,0.675842113,20,0.05,0,0.8106999993,20,0,0,0.7891081034,40,0.075,0,0.7077948671,40,0.025,0,0.9252631699,20,0.05,0,0.8498918892,40,0.075,0,0.1145631706,0.0607837857,0.3998837007,0.2244184355,0.3121510681,0.5850000381,0.6390000582,0.7149999142,0.826499939,1.2269999981,0.5150001049,0.563000083,0.6069999933,0.6719999313,0.9720001221,0.5799999237,0.6460000277,0.746999979,0.8459999561,2.0970001221,0.4849998951,0.6169998646,0.6989998817,0.8190001249,1.5059998035,0.510999918,0.6069999933,0.6764999628,0.7354999781,1.1779999733,0.6050000191,0.752499938,0.886500001,1.0475000143,1.3140001297,0.5379998684,0.6540000439,0.7440000772,0.8715000153,2.9760000706
1,0.421822775,0.3856788162,0.5105735531,0.495948912,0,0,0.726849997,20,0,0,0.7023999929,20,0,0,1.2777500105,20,0.2,0,1.1570833302,40,0.1,0,0.7229743544,40,0.025,0.025,1.0343684307,20,0.05,0,0.7927948746,40,0.025,0,-0.2433815798,-0.3642884555,-0.5769759109,-0.7134886899,-0.6452323004,0.5899999142,0.6619999409,0.6830000877,0.7160000801,1.2000000477,0.5260000229,0.5579999685,0.6479998827,0.7129999399,1.1909999847,0.6800000668,0.9040001631,1.1699999571,1.2880001068,2.0769999027,0.5729999542,0.749499917,0.8524999619,1.19599998,3.5099999905,0.2800002098,0.5755000114,0.6545000076,0.7979999781,1.2219998837,0.5729999542,0.7484999895,0.8339998722,1.1924999952,2.0480000973,0.4760000706,0.6134998798,0.7365000248,0.8675000668,1.4850001335
0,0.3276297814,0.2166102526,0.263774519,0.2181930133,0,0,0.8792631661,20,0.05,0,0.7627999902,20,0,0,0.7791499972,20,0,0,0.7316216208,40,0.075,0,0.7339999974,40,0,0,1.1617857231,20,0.3,0,0.8559459426,40,0.075,0,0.3826357259,0.1243243217,1.1678905511,0.47132802,0.8196092855,0.6649999619,0.7239999771,0.7434999943,0.8615000248,1.9570000172,0.5869998932,0.6519999504,0.7039999962,0.7825000286,1.368999958,0.6000001431,0.6845000982,0.7270001173,0.8999999762,1.0569999218,0.507999897,0.5870001316,0.63349998,0.7099999189,1.6629998684,0.5470001698,0.6289999485,0.7049999237,0.7830001116,1.0960001946,0.6259999275,0.8409999609,1.0175000429,1.2725000381,1.6819999218,0.5090000629,0.6655000448,0.7565000057,0.9455000162,1.4079999924
1,0.3409290498,0.2767889913,0.3743727265,0.32582554,0,0,0.7679999948,20,0,0,0.6117500067,20,0,0,1.0719333013,20,0.25,0,0.9719696938,40,0.175,0,0.8704054044,40,0.075,0,0.9805555518,20,0.1,0,0.9094242498,40,0.175,0,-0.0913777494,-0.062545444,-0.2680257065,-0.1670673091,-0.2175465078,0.626999855,0.6649999619,0.7244999409,0.8220000267,1.0170001984,0.5090000629,0.5479999781,0.6254999638,0.6644999981,0.7829999924,0.6259999275,0.685000062,0.9194999933,1.141499877,1.7220001221,0.5089998245,0.7044999599,0.7825000286,0.9624999762,2.8949999809,0.4709999561,0.6259999275,0.7630001307,0.9000000954,1.8380000591,0.5940001011,0.6849999428,0.8220000267,1.1345000267,1.5659999847,0.5869998932,0.6655000448,0.8445000649,0.9270000458,1.7209999561
0,0.8736521123,0.8794698096,0.7062078292,0.7062078292,0,0,0.9941999912,20,0,0,0.8091500044,20,0,0,1.318900001,20,0,0,1.1597250044,40,0,0,0.9713500023,40,0,0,1.3893684247,20,0.05,0,1.1328999996,40,0,0,0.0704684236,-0.0268250048,0.0806595928,-0.0379845758,0.0213375085,0.625,0.7399998903,0.8880000114,1.1565001011,2.4880001545,0.5439999104,0.6720000505,0.7440000772,0.9139999151,1.5850000382,0.6149997711,0.7589999437,0.8440001011,1.2525000572,5.4600000382,0.5360000134,0.6805000305,0.796000123,1.3639999628,3.5120000839,0.5670001507,0.7120000124,0.7924998999,0.9634999037,3.7449998856,0.6480000019,0.9759999514,1.1920000315,1.7480000258,2.2569999695,0.5450000763,0.7400000095,0.9284999371,1.324000001,3.7200000286
0,0.8702436386,0.8702436386,1.0062552742,1.0102809149,0,0,1.5075000048,20,0,0,1.1400526323,19,0,0,1.4460000038,20,0,0,1.3455500007,40,0,0,1.005399996,40,0,0,1.2,20,0,0,1.399666663,40,0.025,0,-0.2460000038,0.0541166623,-0.2826794623,0.0537802521,-0.1144496051,0.7509999275,0.8570001125,1.0490000248,1.9595000744,3.4649999142,0.5679998398,0.886500001,0.9720001221,1.2364999056,13.7569999695,0.7850000858,0.9040001631,1.0959999561,1.2999999523,4.2800002098,0.6879999638,0.8450000286,0.9365000725,1.1679999828,7.0149998665,0.5999999046,0.7230000496,0.7984999418,0.9079999924,5.9689998627,0.7109999657,0.8084999323,0.9414999485,1.2359999418,4.1689999104,0.5989999771,0.8759998083,1.1590000391,1.6204999685,3.8959999085
0,0.3908734533,0.380790549,0.4499713727,0.4403646477,0,0,0.8325000048,20,0,0,0.7090499997,20,0,0,1.04375,20,0,0,0.786075002,40,0,0,0.7442500055,40,0,0,1.0256111002,20,0.1,0,1.0861841977,40,0.05,0,-0.0181388998,0.3001091958,-0.0464060674,0.6669517529,0.3102728428,0.6519999504,0.7070000172,0.7795000076,0.9225000143,1.1319999695,0.5520000458,0.6190000772,0.6854999065,0.7675000429,1.1330001354,0.6909999847,0.8000000715,0.9219999313,1.1600000858,1.9130001068,0.4809999466,0.630499959,0.7124999762,0.8034999371,2.1119999886,0.4630000591,0.5940001011,0.701499939,0.7839999199,1.4769999981,0.5610001087,0.7174999714,0.8470000029,0.9774998426,2.132999897,0.5269999504,0.7324999571,0.8855000734,1.1999999285,3.1789999008
0,0.3389952819,0.3098210112,0.2394867397,0.1880718442,0,0,0.8625789477,20,0.05,0.1,0.7245000113,20,0.1,0,0.6558499932,20,0,0,0.6225750029,40,0,0,0.8377647066,40,0.15,0,0.905277773,20,0.1,0,0.7705428464,40,0.125,0,0.2494277798,0.1479678435,0.7357854019,0.6178540144,0.6768197082,0.0859999657,0.7070001364,0.7739999294,0.925999999,1.5889999867,0.4910001755,0.5080000162,0.6094999313,0.742000103,1.0459997654,0.5199999809,0.5749999285,0.6369999647,0.7044999599,0.8550000191,0.3740000725,0.5405000448,0.6129999161,0.676500082,0.9760000706,0.4539999962,0.5759999752,0.6754999161,0.7775001526,1.6040000916,0.510999918,0.6339999437,0.7324999571,1.0174999237,2.3550000191,0.3410000801,0.5439999104,0.6430000067,0.7114999294,1.8139998913
4,0.3085011522,0.2342187449,0.2791411889,0.1994112808,0,0,0.9051250023,20,0.2,0,0.5871052652,20,0.05,0.05,0.7350526268,20,0.05,0,0.6985714231,40,0.125,0,0.734314285,40,0.125,0,0.962187494,20,0.2,0,0.7627352844,40,0.15,0,0.2271348673,0.0641638612,0.7362528977,0.2298616749,0.4830572863,0.4630000591,0.5314999819,0.61650002,0.7825001478,1.7309999466,0.2890000343,0.435500145,0.5105000734,0.5974999666,1.114000082,0.4240000248,0.5970000029,0.6749999523,0.7770000696,1.0269999504,0.3980000019,0.5264999866,0.5830000639,0.6555000544,0.989000082,0.3819999695,0.5180000067,0.6200000048,0.7074999809,1.2890000343,0.4300000668,0.6495001316,0.7230000496,0.9019999504,1.6629998684,0.4010000229,0.5174999237,0.5985001326,0.7539999485,1.3629999161
0,0.3569827738,0.3286371665,0.6622004678,0.6650029441,0,0,0.8292105233,20,0.05,0,0.6896999955,20,0,0,0.7219499946,20,0,0,1.1012285709,40,0.125,0,1.1022941242,40,0.15,0,1.0022777891,20,0.1,0,0.8285000046,40,0.05,0,0.2803277946,-0.2727285664,0.7852698089,-0.4118519687,0.1867089201,0.5750000477,0.6589999199,0.7369999886,0.7775000334,1.5789999962,0.4539999962,0.5614999533,0.6184998751,0.7490000725,1.4270000458,0.5670001507,0.6240000725,0.6855000257,0.798500061,1.0179998875,0.3030002117,0.5219999552,0.6845000982,0.9064999819,3.2679998875,0.4730000496,0.6254999638,0.7285000086,0.9655001163,3.1019999981,0.3789999485,0.7015000582,0.8565000296,1.1240000725,2.1540000439,0.4019999504,0.5300000906,0.6484999657,0.8920000792,2.631000042
4,1.4173729711,1.4794644694,0.7975669515,0.820084882,0,0,0.7366842004,20,0.05,0,0.8575555658,20,0.1,0,1.3311111175,20,0.1,0,1.0225833366,40,0.1,0,0.9343437505,40,0.2,0,1.9977222194,20,0.1,0,1.3922647114,40,0.15,0,0.6666111019,0.3696813749,0.4703145294,0.4635114008,0.4669129651,0.4470000267,0.5475001335,0.685000062,0.7644999027,1.371999979,0.4460000992,0.5399999619,0.5879999399,0.8150000572,1.7009999752,0.489000082,0.7839999199,0.9780000448,1.4355000258,2.9949998856,0.3080000877,0.6419999599,0.7534999847,1.2285000086,2.4900000095,0.4380002022,0.5414999723,0.6694999933,0.8550000191,2.742000103,0.3999998569,0.6075000763,0.8435001373,2.2714999914,6.4739999771,0.4470000267,0.6694999933,0.8955000639,1.4385000467,4.885999918
0,0.2900016398,0.2790182245,0.3151567229,0.2365371105,0,0,0.939526323,20,0.05,0,0.750947366,20,0.05,0,0.8384000063,20,0,0,0.8679999896,40,0.125,0,1.0248387109,40,0.225,0,0.818315773,20,0.05,0,0.9000666698,40,0.25,0,-0.0200842333,0.0320666801,-0.0692555852,0.1017483614,0.0162463881,0.5360000134,0.6940000057,0.8715000153,1.0210000277,1.5830001831,0.4270000458,0.5920000076,0.7050000429,0.7630000114,1.0339999199,0.5429999828,0.6240000725,0.8059999943,0.9494999647,2.0050001144,0.4219999313,0.6029999256,0.7265000343,0.9129999876,1.3439998627,0.5409998894,0.6664999723,0.7949999571,1.0060001612,1.9509999752,0.4869999886,0.6690000296,0.7095000744,0.880499959,1.5570001602,0.4570000172,0.5615000725,0.6794999838,0.8414999247,1.506000042
0,0.3345590953,0.3345590953,0.3568932181,0.3515826874,0,0,0.8298000097,20,0,0,0.6814499974,20,0,0,0.7965999961,20,0,0,0.7629750013,40,0,0,0.7007249951,40,0,0,1.0230500102,20,0,0,0.8822820483,40,0.025,0,0.2264500141,0.1193070469,0.6768610307,0.3342933989,0.5055772148,0.6010000706,0.6885000467,0.7495000362,0.871499896,1.739000082,0.5770001411,0.6019999981,0.6660000086,0.7055000067,1.1440000534,0.4779999256,0.6390000582,0.7159999609,0.8495000601,1.4130001068,0.5190000534,0.6054999828,0.6534999609,0.7399998903,2.7460000515,0.5119998455,0.6049998999,0.6645001173,0.7825000286,1.0479998589,0.6440000534,0.7254999876,0.9634999037,1.1095000505,2.1630001068,0.5339999199,0.6669999361,0.7525000572,0.9769999981,1.8190000057
0,0.1918667651,0.1092788238,0.2042421913,0.119236579,0,0,0.688684216,20,0.05,0,0.5518999934,20,0,0,0.6800000075,20,0.05,0,0.6588888873,40,0.1,0,0.7095277815,40,0.1,0,0.7211666679,20,0.1,0,0.6988378419,40,0.075,0,0.0411666604,0.0399489546,0.2145585786,0.1955959949,0.2050772868,0.4629998207,0.5894999504,0.6345000267,0.7165000439,0.9779999256,0.4269998074,0.5069999695,0.5355000496,0.6155000925,0.6870000362,0.4839999676,0.5794999599,0.6414999962,0.7224999666,0.8839998245,0.4140000343,0.5314999819,0.6015001535,0.6600000858,1.1150000095,0.4309999943,0.5529999733,0.6360000372,0.7200000286,1.0120000839,0.5199999809,0.581999898,0.6049998999,0.7144999504,1.0209999085,0.4300000668,0.5440000296,0.6430000067,0.7280000448,1.114000082
1,0.8990078003,1.0387568065,0.4818552793,0.4611434932,0,0.01875,0.8164000034,20,0,0,0.8179473787,20,0.05,0,1.4267272273,20,0.45,0.05,0.9922999938,40,0.25,0,0.756500003,40,0.05,0,1.1843125027,20,0.2,0,0.8150000098,40,0.15,0.025,-0.2424147246,-0.177299984,-0.2696469646,-0.3679527685,-0.3187998666,0.5479998589,0.6124999523,0.6715000868,0.9269999266,1.7330000401,0.4560000896,0.5260000229,0.7114999294,0.8745001554,1.6909999847,0.2669999599,0.4239999056,0.5529999733,0.743999958,5.1999998093,0.4509999752,0.6059999466,0.7220001221,0.8654999733,2.9560000897,0.4809999466,0.5815000534,0.613499999,0.7119998932,3.3120000362,0.4290001392,0.5864999294,0.824000001,1.2680000067,2.6770000458,0.2250001431,0.5195000172,0.6249998808,0.7295000553,3.1380000114
0,0.211034461,0.1922716742,0.4033845514,0.3936838227,0,0,0.8134499907,20,0,0,0.6958499908,20,0,0,0.8008000016,20,0,0,0.7703999996,40,0,0,0.9868378392,40,0.075,0,0.7988420948,20,0.05,0,0.9703947404,40,0.05,0,-0.0019579068,0.1999947407,-0.0092776639,0.4957917701,0.2432570531,0.6239998341,0.7079999447,0.7719999552,0.8439999819,1.3329999447,0.5920000076,0.6400001049,0.6524999142,0.6794999838,1.1809999943,0.5920000076,0.6764999628,0.7879999876,0.855500102,1.503000021,0.5040001869,0.6480000019,0.7039999962,0.7834999561,1.4800000191,0.5199999809,0.6840000153,0.824000001,0.9800000191,3.0160000324,0.5520000458,0.635999918,0.7565000057,0.855500102,1.2949998379,0.4719998837,0.6199998856,0.7200000286,1.0200001001,2.4639999867
0,0.6191094085,0.6142608138,0.5048114576,0.499713131,0,0,1.0133000016,20,0,0,0.7976000071,20,0,0,1.1116000056,20,0,0,0.9249210518,40,0.05,0,0.8589230797,40,0.025,0,1.5146842038,20,0.05,0,1.1131842109,40,0.05,0,0.4030841982,0.188263159,0.6510710266,0.3729375714,0.512004299,0.7060000896,0.8205000162,0.872500062,0.9685000181,2.2070000172,0.6009998322,0.7080000639,0.7724999189,0.9080001116,1.0549998283,0.6569998264,0.7554998398,0.9120000601,1.4845000505,2.1290001869,0.5360000134,0.6124999523,0.6994999647,0.9610000849,2.4800000191,0.4959998131,0.6314998865,0.7289999723,0.888999939,2.7850000858,0.7679998875,0.9039999247,1.2354999781,1.9335000515,2.879999876,0.5039999485,0.6985000372,0.8159999847,1.3760000467,2.3509998322
5,0.7009827646,0.7233250478,0.4533925947,0.4468377471,0,0,1.0961333593,20,0.25,0,0.7976315935,20,0.05,0,1.6744000077,20,0,0,1.0239473679,40,0.05,0,0.7167631611,40,0.05,0,1.290941198,20,0.15,0,0.8648249984,40,0,0,-0.3834588097,-0.1591223695,-0.5470302967,-0.3509593483,-0.4489948225,0.4719998837,0.5915000439,0.6640000343,1.0080000162,2.992000103,0.5119998455,0.6160000563,0.6885000467,0.8400000334,1.3680000305,0.6640000343,0.9250000715,1.4919998646,2.431499958,3.4639999867,0.4400000572,0.6480000019,0.7764999866,1.3159999847,3.7509999275,0.4239997864,0.5524998903,0.6435000896,0.7440000772,1.5439999104,0.4559998512,0.7675000429,1.1120001078,1.4289999008,1.7840001583,0.5520000458,0.6205000877,0.7285000086,1.0164999962,2.2079999447
0,0.2932301232,0.2619685743,0.4797456259,0.4721445787,0,0,0.7830500007,20,0,0,0.7343999982,20,0,0,0.896588229,20,0.15,0,0.9724999952,40,0.05,0,0.7633947483,40,0.05,0,0.873150003,20,0,0,0.9198055641,40,0.1,0,-0.0234382261,-0.0526944311,-0.0799311674,-0.1098382733,-0.0948847203,0.6000001431,0.6279999018,0.7120001316,0.88349998,1.2160000801,0.5199999809,0.6239999533,0.7079999447,0.8075000048,1.2080001831,0.5999999046,0.6720000505,0.7400000095,0.9434999228,1.1610000134,0.495000124,0.6555000544,0.7359999418,1.2120000124,2.0539999008,0.3679997921,0.5759999752,0.6865000725,0.7714999914,1.6490001679,0.4960000515,0.6479998827,0.8084999323,1.0279999971,1.6900000572,0.4240000248,0.5874999762,0.6940000057,0.8960000277,3.6599998474
2,0.4881282108,0.4822820343,0.4862980819,0.4788754063,0,0,0.8661052588,20,0.05,0,0.6822222249,20,0.1,0,1.1967368412,20,0.05,0,1.0605405483,40,0.075,0,0.7624871782,40,0.025,0,1.1267894855,20,0.05,0,1.0068684224,40,0.05,0,-0.0699473557,-0.0536721259,-0.1432970972,-0.1103687797,-0.1268329384,0.3919999599,0.6560000181,0.7879999876,0.9390000105,1.385999918,0.4709999561,0.5240000486,0.5720000267,0.6714999676,1.0160000324,0.6640000343,0.7719999552,1.0490000248,1.3830000162,2.5859999657,0.3999998569,0.6370000839,0.7324999571,1.2400000095,2.4800000191,0.3919999599,0.560000062,0.6720000505,0.8155001402,2.2400000095,0.5759999752,0.8410000801,1.0479999781,1.1644999981,2.4709999561,0.3999998569,0.6769999266,0.8404999971,1.2965000868,2.4079999924
0,0.432416045,0.3671159934,0.5122386753,0.4894457846,0,0,0.8630526352,20,0.05,0,0.6871500015,20,0,0,0.7539000034,20,0,0,0.654549998,40,0,0,0.7324871824,40,0.025,0,1.316312502,20,0.2,0,1.1049142906,40,0.125,0,0.5624124986,0.4503642925,1.3006281914,0.8792079049,1.0899180481,0.5720000267,0.6995000839,0.7359999418,0.8650000095,1.853000164,0.5450000763,0.6194999218,0.6630001068,0.7120001316,1.1349999905,0.6400001049,0.6799999475,0.7279999256,0.7964999676,1.1579999924,0.5519998074,0.6000001431,0.63349998,0.6830000877,0.9199998379,0.5839998722,0.6600000858,0.7004998922,0.7445001602,1.0080001354,0.5999999046,0.9459998608,1.183999896,1.6410000324,2.2089998722,0.4880001545,0.7284998894,0.8799999952,1.0795000792,4.3029999733
0,0.3346702041,0.3346702041,0.5562556592,0.5548822079,0,0,0.7519999981,20,0,0,0.654550004,20,0,0,0.7791499972,20,0,0,0.8990263158,40,0.05,0,0.7785128192,40,0.025,0,0.9796500087,20,0,0,0.8627567559,40,0.075,0,0.2005000114,-0.0362695599,0.5990972873,-0.0652030398,0.2669471238,0.5780000687,0.6625000238,0.6995000839,0.7504999638,1.4050002098,0.5240001678,0.5799999237,0.6564999819,0.6969999075,0.9370000362,0.5999999046,0.6655000448,0.7695000172,0.8585000038,1.0720000267,0.5380001068,0.6339999437,0.7109999657,0.8469998837,5.1759998798,0.5099999905,0.6474999189,0.7114999294,0.8174999952,1.8589999676,0.5460000038,0.7200000286,0.8380000591,1.0299999714,2.1960000992,0.5609998703,0.6760001183,0.7144999504,0.9024999142,1.6500000954
3,0.3110073157,0.2764796607,0.2929857699,0.2641588283,0,0.00625,0.752549994,20,0,0,0.6614736793,20,0.05,0,0.7086500049,20,0,0,0.7507027108,40,0.075,0.025,0.758138886,40,0.1,0.025,0.9678888893,20,0.1,0,0.9350263229,40,0.05,0,0.2592388844,0.1843236121,0.8335459372,0.6291213808,0.731333659,0.5209999084,0.6315001249,0.6955000162,0.7999999523,1.5939998627,0.3849999905,0.5364999771,0.5920000076,0.6749999523,0.9040000439,0.4400000572,0.6080000401,0.6679999828,0.7920001745,1.1670000553,0.0789999962,0.5839998722,0.6475000381,0.7154999971,1.4800000191,0.1440000534,0.5925000906,0.6240000725,0.6754999161,1.4069998264,0.5989999771,0.7365000248,0.8320000172,1.0199999809,2.006000042,0.5449998379,0.7040001154,0.7840000391,1.0684999228,1.8399999142
0,0.4942202613,0.4942202613,0.2457827527,0.2457827527,0,0,1.1957999945,20,0,0,1.014350009,20,0,0,1.3215499997,20,0,0,1.0179749966,40,0,0,1.0723749995,40,0,0,1.1727499962,20,0,0,0.960374999,40,0,0,-0.1488000035,-0.0575999975,-0.3010803384,-0.2343532933,-0.2677168158,0.7679998875,0.8880000114,1.0399999619,1.44599998,2.4480001926,0.6719999313,0.8159999847,0.8719998598,1.135999918,1.9200000763,0.736000061,0.9919999838,1.1754999161,1.4639999867,3.3759999275,0.751999855,0.8480000496,0.9114999771,1.0720000267,2.1440000534,0.7039999962,0.7999999523,0.8559999466,1.1679998636,2.8159999847,0.751999855,0.9359999895,1.0639998913,1.2559999228,2.1919999123,0.7520000935,0.8400000334,0.8960000277,1.0240000486,1.6480000019
4,0.4588712248,0.4588712248,0.5211865207,0.5162833255,0,0.0125,0.850999999,20,0,0,0.8255500078,20,0,0,0.9255500078,20,0,0.05,1.123026318,40,0.05,0,0.884375,40,0,0,1.0983999968,20,0,0,0.9127749979,40,0,0,0.1728499889,-0.2102513201,0.3766851779,-0.403408975,-0.0133618986,0.751999855,0.7840000391,0.814999938,0.879999876,1.0720000267,0.7039999962,0.736000061,0.7760001421,0.8639999628,1.0720000267,0.2239999771,0.7520000935,0.8400000334,0.8880000114,2.2400000095,0.6879999638,0.7440000772,0.8479999304,1.1439999342,4.4000000954,0.7030000687,0.7680000067,0.8240001202,0.8800001144,1.6800000668,0.7200000286,0.7680001259,0.8799999952,1.2399998903,2.2720000744,0.6719999313,0.8159999847,0.8639998436,0.9754999876,1.5519998074
0,0.4105046803,0.4060407472,0.4348447531,0.4202138143,0,0,0.9161999941,20,0,0,0.742900002,20,0,0,1.0348500013,20,0,0,0.8649210463,40,0.05,0,0.7929230766,40,0.025,0,0.9891052658,20,0.05,0,0.9344444582,40,0.1,0,-0.0457447356,0.0695234119,-0.1114353569,0.1598809953,0.0242228192,0.6730000973,0.7880001068,0.9029998779,0.9724999666,1.3729999065,0.5509998798,0.6514999866,0.7285000086,0.7760001421,1.2159998417,0.6879999638,0.7555000782,0.9204999208,1.2200000286,1.9289999008,0.4960000515,0.6485000849,0.7194998264,0.9084999561,2.1040000916,0.4490001202,0.5994999409,0.6514999866,0.8035000563,2.4800000191,0.5440001488,0.7280000448,0.8245000839,1.0759999752,2.5509998798,0.4639999866,0.6119999886,0.6914999485,0.8229999542,2.8170001507
2,0.4335430486,0.4335430486,0.5061130562,0.5082167373,0,0,0.65625,20,0,0,0.6925500035,20,0,0,1.4231999993,20,0,0,1.4840499997,40,0,0,1.0494210504,40,0.05,0,1.0394999981,20,0,0,0.9093333381,40,0.025,0,-0.3837000012,-0.5747166616,-0.885033222,-1.1355499618,-1.0102915919,0.5369999409,0.5885000229,0.6524999142,0.688000083,0.8800001144,0.503000021,0.6119999886,0.6560000181,0.756000042,0.9119999409,0.7920000553,1.2599999905,1.3799999952,1.6044999361,2.1289999485,0.9759998322,1.2645000219,1.4355000258,1.6239999533,2.7750000954,0.4719998837,0.6399999857,0.7164999247,0.9285000563,3.9930000305,0.5759999752,0.7354999781,0.8039999008,1.3520001173,1.9349999428,0.4639999866,0.6640000343,0.7365000248,0.9404999018,3.1519999504
0,0.2542941792,0.2169933374,0.2678992799,0.2149399142,0,0,0.70625,20,0,0,0.7693157984,20,0.05,0,0.7507499933,20,0,0,0.7295526176,40,0.05,0,0.6743947303,40,0.05,0,0.8879444377,20,0.1,0,0.7984285763,40,0.125,0,0.1371944443,0.0688759588,0.539510754,0.2570964685,0.3983036112,0.5599999428,0.6154999733,0.7000000477,0.7719999552,0.9509999752,0.4639999866,0.560000062,0.6399999857,0.7355000973,2.0479998589,0.5210001469,0.5949999094,0.7365000248,0.9074999094,0.9839999676,0.4240000248,0.5839999914,0.6560000181,0.7959998846,1.1760001183,0.4470000267,0.5440001488,0.6035000086,0.6720000505,1.1520001888,0.5199999809,0.6640000343,0.7084999084,1.0909999609,1.4079999924,0.3919999599,0.5599999428,0.6445000172,0.80400002,1.496999979
1,0.432859944,0.2777586239,0.2434477336,0.114497353,0,0,0.6458823557,20,0.15,0.05,0.6179411849,20,0.15,0,1.2685454516,20,0.45,0,0.7179687423,40,0.2,0,0.690470592,40,0.15,0,0.6171499968,20,0,0,0.7376285621,40,0.125,0,-0.6513954548,0.0196598199,-1.5048642496,0.0807558139,-0.7120542179,0.0780000687,0.500500083,0.5364998579,0.5920001268,0.9049999714,0.3519999981,0.439999938,0.5010000467,0.5365000963,0.864000082,0.4639999866,0.7354998589,0.8120000362,1.0004999638,1.6799998283,0.3770000935,0.5119999647,0.5640000105,0.6599999666,0.864000082,0.3839998245,0.5120000839,0.5599999428,0.6560001373,0.992000103,0.5120000839,0.5835000277,0.6039999723,0.6559998989,0.7039999962,0.5120000839,0.5839999914,0.635999918,0.7080000639,0.9040000439
0,0.271157726,0.2471222476,0.329356876,0.2955620566,0,0,0.7507999897,20,0,0,0.6368000031,20,0,0,0.8959499955,20,0,0,0.8633513461,40,0.075,0,0.9007105298,40,0.05,0,0.8907222393,20,0.1,0,0.8417777726,40,0.1,0,-0.0052277562,-0.0215735735,-0.0192793925,-0.0655021195,-0.042390756,0.5599999428,0.6160000563,0.6720000505,0.8114999533,1.2730000019,0.4800000191,0.6119999886,0.6325000525,0.6949999332,0.8079998493,0.5759999752,0.6440000534,0.8239998817,1.1040000916,1.5440001488,0.4639999866,0.628000021,0.7035000324,0.9560000896,2.1589999199,0.4639999866,0.5929999352,0.6794998646,1.0355000496,2.9440000057,0.5440001488,0.7120000124,0.8044999838,0.9800000191,1.2799999714,0.4170000553,0.5720001459,0.7359999418,0.8565000296,1.4639999867
0,0.2628778364,0.1966404137,0.2906071455,0.1773346046,0,0,0.6620555496,20,0.1,0,0.5870526374,20,0.05,0,0.6675000101,20,0.1,0,0.7518181827,40,0.175,0,0.6377222183,40,0.1,0,0.8813333289,20,0.1,0,0.8394838782,40,0.225,0,0.2138333188,0.0876656955,0.8134322837,0.3016639367,0.5575481102,0.4570000172,0.5235000849,0.5525001287,0.6344999075,0.8569998741,0.4479999542,0.4800000191,0.5,0.5799999237,0.8789999485,0.4160001278,0.5319999456,0.5760000944,0.6479998827,0.9359998703,0.4470000267,0.5365000963,0.6160001755,0.7040001154,1.0880000591,0.4240000248,0.4880000353,0.5354999304,0.6240000725,1.3030002117,0.5599999428,0.7235000134,0.8159999847,0.9679999352,1.6159999371,0.3840000629,0.5680000782,0.6480000019,0.8044998646,1.4630000591
5,0.3255300356,0.3063234807,0.2665904498,0.2339590374,0,0.01875,0.5511500001,20,0,0,0.5072000027,20,0,0,0.9607499957,20,0,0,0.8758000016,40,0,0,0.6462973012,40,0.075,0,0.874687503,20,0.2,0.05,0.7777999798,40,0.25,0.025,-0.0860624927,-0.0980000218,-0.2643765039,-0.3676051481,-0.315990826,0.4000000954,0.5000001192,0.5519999266,0.6200000048,0.6560001373,0.3600001335,0.4275000095,0.4804999828,0.5189999342,0.9120001793,0.6879999638,0.7879999876,0.8835000992,1.0160000324,1.8959999085,0.6879999638,0.7280000448,0.8079998493,0.9519999027,1.3759999275,0.3679997921,0.4880000353,0.5399999619,0.6240000725,1.1999998093,0.2880001068,0.5169999599,0.6639999151,0.9085000753,1.4089999199,0.2320001125,0.4674999714,0.5679998398,0.7039999962,1.1849999428
0,0.314828482,0.2706651041,0.3973988915,0.3596898686,0,0,0.7851500034,20,0,0,0.7777368305,20,0.05,0,0.9443888972,20,0.1,0,0.9129393921,40,0.175,0,0.7418205117,40,0.025,0,0.8703888962,20,0.1,0,0.8719705781,40,0.15,0,-0.074000001,-0.0409688141,-0.2350486223,-0.1030924216,-0.1690705219,0.5169999599,0.6135001183,0.6890000105,0.7834999561,1.7620000839,0.5089998245,0.5240000486,0.6380001307,0.9055000544,1.4019999504,0.5870001316,0.6330001354,0.6834999323,1.0394999981,1.5939998627,0.4029998779,0.5879999399,0.6889998913,0.9985001087,2.3050000668,0.4990000725,0.6360000372,0.6985001564,0.7910000086,1.1480000019,0.489000082,0.5785000324,0.7970000505,0.9114999771,1.3619999886,0.4440000057,0.5789999962,0.699000001,0.8444999456,1.7460000515
2,0.5295171364,0.5416834667,0.4233670533,0.4310278036,0,0,0.7075555499,20,0.1,0,0.7191176431,20,0.15,0,0.8377499831,20,0.2,0,0.8464333296,40,0.25,0,0.752647051,40,0.15,0,1.422263149,20,0.05,0,1.1906923138,40,0.025,0,0.5845131659,0.3442589842,1.103860717,0.813145429,0.958503073,0.4730000496,0.5365000963,0.5824999809,0.757999897,1.0050001144,0.4689998627,0.5105000734,0.5475000143,0.6499999762,1.3119997978,0.4869999886,0.5129998922,0.6829999685,0.7705000639,1.2020001411,0.4240000248,0.5820000172,0.625,0.7400000095,1.7009999752,0.3759999275,0.500500083,0.6230000257,0.736000061,1.4079999924,0.4880001545,0.9025000334,1.2814999819,1.7789999247,2.4639999867,0.4069998264,0.8764998913,1.1259999275,1.5320001841,1.998000145
0,1.4643974899,1.4643974899,1.0040550654,1.0124592986,0,0,1.1822000027,20,0,0,0.8759000063,20,0,0,1.5648499966,20,0,0,1.1703076903,40,0.025,0,0.734525001,40,0,0,1.515200007,20,0,0,1.3067948686,40,0.025,0,-0.0496499896,0.1364871783,-0.0339047219,0.1359359491,0.0510156136,0.7219998837,0.7819999456,0.9090000391,1.0519999266,5.5510001183,0.5699999332,0.6725000143,0.7484999895,0.8699998856,2.9590001106,0.7070000172,0.863499999,0.9985001087,1.6399999857,7.9049999714,0.5920000076,0.7424999475,0.8664999008,1.1450001001,6.3359999657,0.5369999409,0.6265000105,0.6864999533,0.7670000792,1.4989998341,0.6599998474,0.807500124,1.113499999,1.5715000629,6.6270000935,0.5460000038,0.679500103,0.9360001087,1.4300000668,5.5650000572
5,1.5630419646,1.583263354,1.2386461974,1.2424140975,0,0.00625,1.5749500036,20,0,0,0.8347500086,20,0,0,1.2455789451,20,0.05,0,1.0282820494,39,0,0,0.9386666667,40,0.025,0,2.070599997,20,0,0,1.659717944,40,0.025,0.025,0.825021052,0.6314358946,0.5278303914,0.5097790603,0.5188047259,0.6510000229,0.8365000486,1.0025000572,1.7315000296,5.5759999752,0.5720000267,0.6325000525,0.685000062,0.7824997902,2.609000206,0.5760002136,0.6829999685,0.8719998598,1.388999939,3.5589997768,0.5249998569,0.692499876,0.8650000095,1.0345000029,16.0539999008,0.5390000343,0.6990001202,0.7924998999,1.0025000572,1.9839999676,0.5380001068,0.9179998636,1.2340000868,1.8970000744,7.5549998283,0.0299999714,0.7770000696,1.0099999905,1.8554999828,8.4600000382
