0.8342999935152499,0.1334379610880916,0.0000,0.8039500117304001,0.17846761297224098,0.0500,0.70410000085835,0.08802026507837489,0.0500,0.7799500048159251,0.2156236252261024,0.0250,0.79392499923685,0.26969187089052343,0.1250,1.0814999938009,0.31704800044854925,0.0500,0.9161500036718501,0.466111393029192,0.1250,0
0.78365000486365,0.2338549029120727,0.0000,0.66780000925055,0.1342690060069776,0.0500,0.878450000285835,0.3826637540744127,0.0000,0.7285000026229499,0.29444262682318273,0.0750,0.926974999904475,0.4377756249911564,0.0750,1.0267500042919,0.8032758694176825,0.1000,1.0077250003816254,0.5958738648850809,0.1000,1
0.6171999931335498,0.11044293597048684,0.0500,0.4024000167847001,0.11498028037290817,0.2000,0.68740000724775,0.44578784836861146,0.1000,0.4960249960423999,0.1394214174989845,0.1750,0.515074992180075,0.21098722918308258,0.1750,0.9378000020973,0.34578478442188026,0.0500,0.6862000048159,0.27955028692720274,0.1500,0
0.6365999937055999,0.1432092453963481,0.0500,0.5740999937058,0.18381997776010198,0.0500,1.1239500045778001,0.16133309896815068,0.0000,0.8357749998566998,0.3508430439808772,0.0500,0.6754750072954749,0.3031229691956365,0.1000,0.8878999948499497,0.5107241542609263,0.1000,0.838725000620325,0.3224596193615625,0.1250,1
0.76195000410055,0.09646568497918483,0.0000,0.70920000076295,0.14537267109610894,0.0500,0.8464499950408502,0.21614919003816008,0.0000,0.7802499949930748,0.29862765733065727,0.0500,0.8122000038623499,0.37152795514914305,0.0500,0.9903999924657502,0.3896906770147273,0.0500,0.7910250008107751,0.29563670579296286,0.0750,0
0.7731500029562002,0.17659537286094362,0.0500,0.69874999523165,0.10709063130815098,0.0000,1.0000499963767502,0.4844117715650398,0.0000,0.9301999866962252,0.4445762960554063,0.0750,1.087749999761075,0.5022065098670918,0.0750,1.1663500070571,0.7809330132301454,0.1000,1.0318499922752247,0.47615342456931303,0.1250,1
0.7695499897004499,0.13194081019123433,0.0500,0.6989000082015,0.17765369934257927,0.1000,0.78099999427795,0.1027223903192917,0.0000,0.7178500056266001,0.16288390508301284,0.1000,0.6963750004769248,0.17811374304633662,0.0500,0.7925500154495501,0.18628460810412414,0.1500,0.6594750225545749,0.12516777535440296,0.2000,0
0.6609499931335,0.09710520568112954,0.0500,0.62404999732965,0.08481710603515423,0.0000,1.1003500103943,0.3919507445735374,0.3500,0.6578249871732502,0.1877349459693918,0.4500,0.7189500033853,0.1341698282200284,0.1500,0.7760499954226001,0.17434761972445928,0.1000,0.7097499966620998,0.1370926645458157,0.1750,1
0.8160499930382,0.14565982356768062,0.0000,0.6407499909402,0.03729521381665327,0.0000,0.87725000381445,0.33918011963103234,0.0000,0.760775005817325,0.15288046083985343,0.0000,0.7978749990460752,0.1774335845308647,0.0000,1.0453999996188,0.5303337833667758,0.1000,0.9170749962329001,0.39812434695588406,0.0750,0
0.93379999399205,0.4587734126056815,0.0000,0.6878499984741999,0.07794145025867888,0.0000,0.9914499998088999,0.24375320263694555,0.5000,0.9335999965668001,0.436583892222702,0.0250,0.7793250024318498,0.2751786763583898,0.0000,0.8723000049592498,0.25963300424723584,0.0000,0.9948750019067752,0.6397446583858507,0.0500,1
0.7952000021936,0.24641379003628677,0.0000,0.5865499973297501,0.09679357000507192,0.0000,0.72009999752025,0.24367663023124156,0.1500,0.7213750004767501,0.26991885994660025,0.0500,0.7529250025746999,0.240052802734349,0.0750,0.7350000023843001,0.28224067115130136,0.0500,0.6990500092508,0.2322637614326433,0.0750,0
0.6769999980928502,0.1871796552035885,0.1500,0.5845999956130999,0.11940130507110418,0.0000,1.2426499843593999,0.6187643904772312,0.5000,0.9097749888898002,0.563355526033277,0.3250,0.6777249991893253,0.2330959879353185,0.0500,1.0807000041005996,0.34876171847761345,0.6000,0.8227499961854999,0.36761262413790974,0.2750,1
0.6381500005723,0.10699599564543227,0.0000,0.5798499941825501,0.10728333843165384,0.1000,0.6206500053405499,0.1852552225933895,0.2500,0.5378999888896752,0.11239074414610446,0.2000,0.5475750029085251,0.1965580695248266,0.1000,0.9486500024796498,0.3206093299445738,0.3000,0.5867249965668503,0.1901243891843535,0.0750,0
0.5685999989508999,0.10268215051917053,0.0000,0.46629999876024997,0.12230683289211952,0.0500,0.5550999999045498,0.11387292789793918,0.1500,0.5819499969482249,0.12397889038258385,0.1500,0.6079250037668749,0.17188298681972924,0.0500,0.7350499987600001,0.28640376329848627,0.2000,0.6667249798772249,0.21044043951511013,0.1750,1
0.69835001230235,0.19784345387180366,0.0500,0.5604999899863999,0.07332442875233786,0.0500,0.7072000026705999,0.19705394892155503,0.0500,0.6202499926089997,0.13710331209083865,0.0500,0.5912250041961501,0.18735891234716745,0.1000,0.7493999958036002,0.19497914798868124,0.0500,0.6299500048161503,0.19938330157513454,0.0500,0
0.5020000100135,0.09828264367647914,0.0500,0.50525000095355,0.05936670752876285,0.0500,0.57645000219345,0.1506779108141476,0.2000,0.6300249993799001,0.1734554446102978,0.1500,0.5600000023841251,0.12126745621433895,0.0250,0.7147000074388501,0.24595249559953627,0.1000,0.5988249897956499,0.1577607533905689,0.0750,1
0.9324499964714498,0.14032952244873365,0.1000,0.85695000886915,0.18570422001540532,0.2000,0.8592499852178499,0.257379662540356,0.1500,0.9072499990460747,0.2632169721733588,0.2000,0.91060000061955,0.21516802866165466,0.0500,0.9703500032432,0.30474720227803037,0.1500,1.0040250003338251,0.5562291460427836,0.1750,0
1.3190999984739498,0.5241709132250968,0.0000,1.28975000381495,0.5962803448540258,0.0000,1.4338999986652499,0.57285400226218,0.0000,1.4277500033380748,0.5385130374150184,0.0000,0.9378000020981752,0.341641887780794,0.0500,1.7722000002863,0.6233027885200985,0.0000,1.4633499979969493,0.6820379208020156,0.1000,1
1.37825000286075,0.655177988838352,0.0000,0.9787999987601499,0.3251652906999125,0.0000,1.40989999771125,0.5175779422536733,0.0500,1.0575749993316501,0.23630518603024137,0.0000,1.8371500015248496,1.371788471545671,0.0750,1.7087000012395006,0.48787624887312264,0.1000,1.3512000024322004,0.48416639575649895,0.0250,0
0.8646499991409999,0.13658787176804615,0.0000,0.8047999978061501,0.15713508172864502,0.1000,0.75464999675705,0.16635324513832564,0.0000,0.7477750003339749,0.21516783615865734,0.0250,0.7253999948499751,0.2508413198545565,0.0250,0.80475000143025,0.24608619301334628,0.1500,0.7847250103952499,0.300505393659546,0.2000,0
0.7618999958038499,0.24036351192540667,0.0000,0.70320000648485,0.20146505617884944,0.0000,0.8819500088691502,0.41171945867492216,0.0500,0.707400000095425,0.24095535410136046,0.0000,0.7248250007628501,0.3384381966338986,0.0750,1.5644999861721498,0.7638985339548149,0.1500,1.08042500019065,0.641971774717613,0.0750,0
0.7083500027654501,0.23147999192738586,0.0000,0.5760499954225999,0.17064875452020947,0.0500,1.92864999771155,0.7802830579840689,0.0000,1.9596499979492497,0.5764102701796531,0.0250,0.8480000019073002,0.5322549937337052,0.1000,1.35399999618505,1.0508595836143697,0.0500,0.7359999954699751,0.30661543969728206,0.0250,1
0.9708000063898,0.1457660650751015,0.0000,0.8650500059131001,0.20226985116784946,0.0500,1.1034000039100502,0.34997377419513503,0.0500,0.7316249966619751,0.20114910107328932,0.0750,0.86159999966625,0.19901987618154954,0.0000,1.272599995136,0.6103843292627913,0.1500,0.9635499954222746,0.42361883495204533,0.1500,0
0.786499989033,0.5935701619774774,0.1500,0.6972499966621502,0.16251766913249288,0.0000,1.2587000012398,0.9477222472346923,0.0500,0.7130750000475501,0.18917747171682087,0.1750,0.7681999981403498,0.3650697408501249,0.0250,1.1585999965672,0.5716422967672338,0.0500,1.129650002717625,0.6849642330421762,0.0250,1
0.98404999971455,0.4465796821220482,0.2000,0.9291499972341999,0.2743465154295329,0.1000,0.8527499914169999,0.2723696998349309,0.0500,0.8691500008106751,0.3938863292096331,0.0500,0.9119750022885498,0.42690413370803393,0.0500,0.86549999713875,0.36729743808135334,0.1000,1.1245750010017,0.6204833311628714,0.1250,0
1.0110499978060998,0.11424833693054029,0.0000,1.0073500037194498,0.0980608370706447,0.0000,1.0510999917979498,0.15729986821452907,0.0000,0.9320250034329496,0.21825385906605402,0.0250,0.9887750029562253,0.4221056146099916,0.0000,1.2000499963764,0.2741418263278927,0.0000,1.217925000190525,0.47877102802536486,0.0000,0
0.8887000083922001,0.6059460723494916,0.0000,0.6135499954224001,0.10478521978737099,0.0500,0.7042999982831502,0.21149844319670222,0.1000,0.6771750092508501,0.20168354192228433,0.0750,0.7049499928952249,0.3085543669136481,0.1250,0.7499499917031001,0.12512791079157176,0.2000,0.8565500020982748,0.3380615970101836,0.1250,0
0.75904999971375,0.7707217888215984,0.2000,0.5396999835967999,0.09795657288103857,0.2500,0.73719999790205,0.3395533533503759,0.2000,0.6023499965665999,0.11882254363163451,0.1750,0.678624999523,0.19866046788939676,0.2000,0.7527000069621498,0.22925789995727824,0.0000,0.7644999921321249,0.29118748316929055,0.1500,1
0.85039999485035,0.1551414910046705,0.0000,0.7020000100139501,0.18132782929635713,0.0500,0.9106500029562499,0.43253317390510787,0.0500,0.80252500176425,0.17999259543987173,0.0250,0.7614499986174,0.1911867144161223,0.0750,0.9277999997135502,0.32950259637945056,0.0500,0.9702250003814497,0.6169461522590226,0.0750,0
0.8222499966621999,0.3297006499728094,0.0000,0.6928500056267001,0.20983536601648078,0.0000,0.76414999961835,0.19839970226332537,0.0000,0.8393250048160749,0.28387531068787125,0.0750,0.742350000143075,0.1848019726479764,0.0000,1.0064000010489,0.6018147535825524,0.2000,1.1104000031950503,0.7967576953832851,0.0500,1
0.8781499981883499,0.12394491906198837,0.0000,0.69429999589915,0.1129536801765249,0.0000,0.92135000228935,0.27711301005608363,0.0000,0.7360750019549002,0.12992037668773107,0.0000,0.842775005102175,0.1981436114360222,0.0000,1.6257500052440501,0.5386839610647007,0.0500,1.0408749938010498,0.30083909578034584,0.0500,0
0.8236000061038901,0.2360852653099371,0.0500,0.7506000041961001,0.09190063312147986,0.0000,0.82855000495915,0.16389872606150396,0.0000,0.8197500050064997,0.14965976087708704,0.0000,0.8134000003340999,0.13388874405446932,0.0000,1.16104999780675,0.15882111039522984,0.0000,0.9401250004770751,0.1584070271279794,0.0000,1
0.7572999954224,0.19826300261151952,0.0000,0.7111500024794499,0.1439306469139922,0.0000,0.8707999944686499,0.3214255147053197,0.0000,0.7162000000480753,0.21899400799417496,0.0250,0.5929499983788,0.14765658183121175,0.0000,0.9480499863629499,0.29283108448657913,0.0500,0.945599997043525,0.46221856153177937,0.0500,0
0.5882000088691999,0.09349000446203616,0.0000,0.7672000050542,0.1952616718066082,0.0500,0.8544000029561,0.5811757789851261,0.0000,0.677200001478325,0.25540559352665443,0.0500,0.5743999958039502,0.13615972227744974,0.0250,0.80155000686655,0.2374211116602547,0.0000,0.7718999981879499,0.2513224326639035,0.0250,1
0.9158499956130999,0.23049629732920762,0.0000,0.8730000019079001,0.23638613447194984,0.0500,0.96245000362425,0.3779675211859859,0.1000,0.7687999963758249,0.17661595252044657,0.1500,0.7461499989032749,0.17428867791129066,0.1250,0.8085000038148499,0.1613614969457111,0.1000,0.7715749979017003,0.2198553110495622,0.2250,0
0.8316500067716002,0.1653647608950513,0.0500,0.6939499974251501,0.1952362655503076,0.0000,0.9990999937060501,0.6059179048018944,0.0500,0.9053000032900501,0.4847969450238574,0.0500,0.805625009536775,0.28298143425217637,0.0750,0.9352500081069,0.44252977735069077,0.1000,0.8720499992371747,0.23841205468672394,0.0250,0
0.66790001392355,0.10833322990411857,0.1500,0.63044999837875,0.07578884784822076,0.1000,0.846699988842,0.27206694796944525,0.1000,0.7372250020505,0.19115338038269888,0.0750,0.7258749961852001,0.19501822536500724,0.1750,0.9271000027660999,0.3616799782367767,0.1000,0.5448000013827425,0.3568024171583802,0.3500,1
0.7149500012397001,0.0818114005898554,0.0000,0.6586500048638,0.07193806488775717,0.0500,0.8542500019074499,0.2333598554648667,0.0000,0.7278750061990249,0.2357564075047132,0.1000,0.6650000035763501,0.1615244702697973,0.0250,1.29589999914235,0.7729014250933065,0.1000,0.760024994611775,0.17314355961623848,0.0250,0
0.8903500080109499,0.20757274797739433,0.0000,0.7651499986647499,0.1088815263621143,0.0000,0.8159500002862,0.06880672147453351,0.0500,0.8577499985692503,0.07618220625371745,0.0000,0.8461499989030751,0.08042120660195128,0.0250,1.41269998550385,0.5438866298343631,0.1000,1.0057500064370746,0.3214120086803293,0.0750,0
0.665499997139,0.19657768487877222,0.0000,0.7088000059129002,0.24055233231867304,0.0000,1.0251500010490002,0.4626107918316041,0.0000,0.8473500013353499,0.480514362542837,0.0250,0.7060000002381752,0.2021739545304053,0.0250,0.95635000467325,0.4144256627806599,0.0500,0.8487500011919252,0.33715481379609363,0.0250,1
1.23065000772435,1.2560391486163278,0.0000,0.8024500012398,0.2615563168559477,0.0000,0.8922999978062999,0.2922347475053482,0.0000,0.829175001382725,0.23827069722110317,0.0000,1.2414749979975996,0.7133667352752752,0.0000,1.1118999958040496,0.5751346383653747,0.0000,1.289949995278925,0.5251896233852692,0.0500,0
0.5095499992369401,0.11055386262515886,0.0500,0.6035500049592499,0.09716963120542821,0.2500,0.5893499970435001,0.08953642450716315,0.2500,0.554949992895125,0.09610757706917258,0.3000,0.5962500035762249,0.10487252459506884,0.1250,0.6169000029562999,0.0845252526391909,0.3000,0.6600749969483499,0.18445840419380552,0.3500,0
0.54834998846055,0.06714030635359722,0.1500,0.5384499907494,0.07491291310635204,0.0500,0.5584499955178,0.0898574864176998,0.2500,0.5644749939442,0.0705356829802211,0.1750,0.5865500032903751,0.13637205225729465,0.1500,0.6880999803544499,0.13158422459195773,0.2500,0.6389750003814247,0.09780685549251782,0.3250,1
0.6771999955177501,0.1166269906495838,0.0000,0.7167500019070498,0.30879010592184025,0.0000,0.7286000013349001,0.22740835848843535,0.0000,0.7334250032903248,0.2714797126383293,0.0250,0.74924999475465,0.3234244404243253,0.0500,0.9442000031471499,0.4964700327517382,0.1000,1.1383000016213747,0.9566690792094464,0.1750,0
0.8450500011443,0.6757196912592925,0.0000,0.6173000097274001,0.22683756515523787,0.0500,0.9959500074393501,0.7879521775536202,0.1000,1.0762750029565251,1.1200972521009946,0.0500,0.8168250024317999,0.6403486943052152,0.0250,1.11744999885525,1.1430501449640678,0.1000,1.198900002241575,0.9366520827532246,0.1000,1
0.7194499969481499,0.1788635268478665,0.1000,0.6164499998092501,0.07094284935312156,0.0000,0.6852499961852,0.11457468896464745,0.1000,0.6758250057694251,0.2283416018862982,0.1250,0.7384499967097499,0.7358085927608702,0.1750,0.8724000096318502,0.31475143531521366,0.1500,0.7156250059603751,0.40907474744667094,0.1500,0
0.73435000181225,0.24489555203890503,0.1500,0.61679999828329,0.2094193849989798,0.0500,0.8375999927525001,0.3647371573863861,0.1000,0.7596499919889249,0.354916426535875,0.1250,0.5703750014305499,0.10861711123783606,0.1250,0.9849499940871999,0.6507763785812278,0.1500,0.92707500457715,0.5700990675306367,0.1750,1
0.8928500056268002,0.08000279635043452,0.0000,0.8182999968528002,0.06497698745889559,0.0000,0.8268999934195499,0.0916881945611951,0.0000,0.808574998378775,0.5132805235047984,0.0250,0.7590250015259249,0.04789220825416684,0.0000,0.8630500078203001,0.23453618408883137,0.0000,0.749549996852675,0.18691367442904977,0.0500,0
0.6882999897003501,0.22807411703359715,0.0000,0.6239000082014001,0.15092971878093045,0.0000,0.7542500019075,0.17875472179949847,0.0000,0.6663500010966998,0.10694510656203612,0.0000,0.68989999890335,0.36831050699191314,0.0750,0.87094999551845,0.3293974231258432,0.1000,0.8115250051018,0.3139695348643488,0.1250,1
0.9749000072478999,0.24418304372209168,0.0500,0.68919998407365,0.20036532923529848,0.1000,1.0015000104901,0.4020982485417193,0.1500,0.9042000055310251,0.3414157917331227,0.2000,0.8604749977589503,0.29922461423099483,0.1250,1.1312499999994,0.5064750213516203,0.3500,0.769725000858225,0.3244582171709844,0.2250,0
0.8728999972343502,0.39089634980996135,0.0000,0.7943499922749001,0.15109472202211183,0.0000,0.83580000400525,0.2506861428974743,0.1000,0.6839749991892748,0.28159373957779854,0.0500,0.7183750033379249,0.24651372932202248,0.0250,1.0916499853137998,0.43393207999590483,0.1500,0.891400003432825,0.3624536429675977,0.0500,0
0.6262999892235,0.16859798962214606,0.1000,0.7044000029565999,0.26706481816520566,0.0500,1.3251000046731,0.4888468695055117,0.3000,0.9872500061986995,0.5473835798742306,0.1250,0.780699992179725,0.4502115016498727,0.0750,1.06714998483715,0.4271992300624173,0.0500,0.9311250030995,0.3879007114066374,0.0250,1
0.9416000008583,0.2717985998332869,0.0000,0.69294999837895,0.12045765355910036,0.0000,0.8610000014307001,0.15423192820254905,0.0000,0.730275005102075,0.12320507327582272,0.0000,0.8052249968047752,0.26632527454154326,0.0250,1.06570000648505,0.27944791551803827,0.0500,0.9299250006679747,0.30571673090076623,0.0250,0
0.6627499938012,0.1352466922105814,0.1000,0.68310000896455,0.1850208837657303,0.1000,0.8313500046730999,0.3462058108772722,0.2000,0.6752499938012748,0.20472868493432111,0.1750,0.7491499960420499,0.37544348970852187,0.1500,0.9971999883652,0.47658370949829915,0.2000,0.9532500028607751,0.49604228796583233,0.1500,0
0.8296000003811,0.23312531185393226,0.0000,0.6747999787331501,0.2013519028372473,0.1500,0.69955000877375,0.17110769694381142,0.1000,0.8139249861239002,0.3906711394727296,0.1750,0.9581000089644501,0.42697780441514355,0.2250,0.7386500000956501,0.20431668646780185,0.0500,0.7310750007628002,0.22208272782614322,0.0000,1
0.9757500052452501,0.2681653025894276,0.1000,0.7761500000952501,0.15265141556141584,0.0500,0.9607500076296001,0.19906274808924665,0.1500,0.7529749989511503,0.15109236311950464,0.0750,0.9385749936102998,0.3144840326384337,0.0750,0.8983500003814999,0.44759512516778616,0.1500,1.0723999977110503,0.6958200389007616,0.1750,0
0.9771999955176,0.3784184119739078,0.0000,1.00849999189415,0.4533916181332818,0.0000,1.2167500019066,0.4529643574232489,0.0000,1.0720250010491754,0.8025429520253521,0.1000,0.9406750023360001,0.3035573268558904,0.0000,1.1030500054346999,0.40741980915896725,0.1000,0.9146249949930751,0.3147246885981081,0.1000,1
1.0207999944689,0.4606192858993758,0.0000,1.1277000069622,0.7366756818880816,0.0500,1.0767000079151,0.4177444725831347,0.0000,0.9782999992366997,0.344835616276453,0.0000,0.7810500025746999,0.29965327444747114,0.0500,1.008250010013,0.4452080075550461,0.0000,1.0129249989987996,0.45834391551625514,0.0000,0
0.6019000053406001,0.09197250862528722,0.0000,0.5973000049591499,0.1545588225142199,0.0000,0.8837000012398499,0.2804948845996932,0.0000,0.8243999958039249,0.32822462895403093,0.0500,0.6609749972821001,0.2651332845450503,0.0000,1.2454500079159498,0.7294805431511651,0.0500,0.7125,0.22635335522066916,0.0500,1
0.6867000102996001,0.14369305673591404,0.0500,0.5531499981881499,0.18734184205772453,0.0500,0.7303999900813499,0.22765449416922887,0.1000,0.735199999809025,0.24545649304324677,0.1000,0.6780249953270499,0.3398589826342441,0.2500,0.7831500172615,0.32461172089088586,0.2500,0.7001500070093248,0.40727005305151476,0.1500,0
0.72955000400555,0.15932041924497164,0.0500,0.65554999113075,0.273093658862913,0.1500,0.7983999967571499,0.3936998999289161,0.1500,0.6917499959471001,0.3100357140801231,0.1000,0.811624997854325,0.3298461566573402,0.1250,0.66970000267035,0.2593169152581573,0.1000,0.61180000901215,0.2167411736648548,0.2500,1
0.6790499925613,0.06667871575512796,0.0000,0.6304000020027999,0.12417746433343008,0.1500,0.7215999960898001,0.19905943665396633,0.0000,0.669200003147,0.09683137328696635,0.1500,0.6599250018595001,0.2014732273205892,0.0500,0.6815500020977849,0.25548684059038984,0.0000,0.637625002861,0.14117778172243348,0.1000,0
0.61750000715245,0.09346739587360671,0.1000,0.6084499955179499,0.15652287648238858,0.1000,0.64880000352855,0.10282568796698124,0.1000,0.63807500004755,0.1277357916535174,0.0750,0.6664000034332,0.1559411048579611,0.0750,1.13435000181165,0.4111650011997885,0.0500,0.9731999993321502,0.29241551993398834,0.0000,1
1.3486999988551498,1.9797575798886387,0.0000,0.8098999977111501,0.38020949282318584,0.0000,1.1451500058168,0.5718028206458539,0.0000,0.8429750025269247,0.4179060384447505,0.0250,0.7961500048634998,0.3469381270859097,0.0250,0.9611000061032999,0.46465558766466947,0.0000,0.8168249964714253,0.46550992454174467,0.0750,0
1.56575000286055,0.998773304455243,0.0000,0.7903999924664,0.3571290764395743,0.0000,1.6097999930380003,0.8684651643666597,0.0000,0.9828000009058251,0.4547549929015165,0.0000,1.0251500010489498,0.47946625537082227,0.0000,1.1774000048637,0.48251279492417776,0.0000,1.2071250081062754,0.707401599008009,0.0250,1
0.6510500073433001,0.070450039100165,0.0000,0.6858500003814,0.1792297160365344,0.0500,0.6843000054358,0.29420993588153216,0.0000,0.6925500094889,0.18521906494790685,0.1250,0.590200006961825,0.11577171226471475,0.0500,0.9296000123017502,0.45545769953975745,0.0500,0.6739999949930751,0.25358131407758844,0.1000,0
0.71659998893735,0.18992394053488365,0.0500,0.5879500031469,0.1491585059378331,0.1000,0.7763500094411,0.21468222305406207,0.0500,0.6738000035287249,0.19591473189087538,0.1750,0.6299499988554502,0.19462310066972305,0.1250,0.7922500014300999,0.3575299159350722,0.1000,0.6373749971389748,0.17895716822071425,0.1250,1
0.7773499965665999,0.17632899939671887,0.1000,0.7406500101089499,0.35200157000637594,0.0500,0.7092499971389999,0.16512737554493415,0.0500,0.6031249999999251,0.12143229693358325,0.0000,0.6481750011445253,0.17874376437708608,0.1250,0.8104999780653499,0.3935162073008239,0.2500,0.7661499917504749,0.2820426004445004,0.1250,0
0.6848500013350999,0.11503559564500107,0.0000,0.5930499911308,0.12360482355184559,0.2000,0.754649996757625,0.25478521737906007,0.0500,0.5780499935150251,0.10129267421016157,0.1000,0.65914999842665,0.19751292786322444,0.1000,0.82195000648545,0.31615206716247984,0.2500,0.6734000027178,0.16624090075094242,0.1750,0
0.59004999399185,0.09185710310959408,0.0000,0.5697999954223502,0.05624906855711687,0.0500,0.5898999929428499,0.1749715474279472,0.3500,0.5850250005723574,0.1603433278137206,0.0750,0.7267749965189999,0.3187240032843254,0.1500,0.71254999637605,0.10032707899215934,0.1000,0.6977500081060752,0.2084668842959176,0.1000,1
0.7479500055314503,0.16209174328011478,0.0000,0.65005000829675,0.2308785375784814,0.1000,0.7264999985694999,0.19445971347398525,0.0500,0.769675004482575,0.3247226450396916,0.0500,0.7887250006197501,0.2760503361208849,0.0000,1.05334998369345,0.3997203176400717,0.1000,0.875474995374525,0.2615378370770767,0.0500,0
0.66679999828335,0.09100180173187015,0.0500,0.6022499918937501,0.07449682054752235,0.1000,0.8066000103950499,0.2804257071321949,0.0000,0.6412999987602,0.09134331346916844,0.0750,0.7465249955655499,0.2098713925612809,0.0750,0.8422999978071999,0.3694183260276086,0.1500,0.877124994993825,0.4813744337074078,0.1000,1
0.58719998598095,0.16569964915828805,0.1000,0.57764999866485,0.05533847438276162,0.0500,0.6081000089644498,0.11026712372963915,0.1000,0.543924999237025,0.082527806321704,0.0000,0.6373000085355501,0.1776761937789115,0.1500,0.7469499945639999,0.2234274700667226,0.1000,0.66959999799725,0.14078327457257903,0.1250,0
0.5484500050545501,0.12176443783866199,0.1500,0.5961999773979,0.17208395553391667,0.1000,0.8212499976161001,0.22296160608448642,0.0500,0.6797749996185748,0.09446568685736814,0.0250,0.5770749986171748,0.1451708835645655,0.1250,0.61250000000015,0.1342274414699552,0.0500,0.6671000063419751,0.18250307292205056,0.1000,1
0.7112499833107501,0.18345190872659153,0.1000,0.61209999322895,0.09715311106088832,0.0500,0.7067000031471999,0.18164285883139622,0.0000,0.6179500043391248,0.1639072396138912,0.0250,0.6113000035284499,0.12518543474091734,0.0250,1.10899999141695,0.5232548522180366,0.2500,0.9222000062467253,0.3978219389337307,0.0750,0
0.7688500046731002,0.13180340594851778,0.0000,0.9709500193593998,1.039075386422141,0.3000,0.9748500108719499,0.802433779960753,0.0500,0.8853999972340502,0.608421148210099,0.0750,0.7015999972822,0.16590957844142498,0.0000,0.8858499884604999,0.3495121464410579,0.0500,0.9804999947546248,0.47259627178262326,0.1500,1
0.7044999957084,0.09422288135460265,0.0500,0.6783000111579499,0.10875665218589178,0.0500,0.8439999938010502,0.12961647119376746,0.0000,0.5972999989986499,0.1378648803209237,0.0750,0.7240249872209749,0.15366371124710404,0.0750,0.9376499891275,0.4286429007347924,0.0500,0.75057499408735,0.169429947839848,0.0500,0
0.5534000039101,0.10497185222904798,0.2500,0.60939999818775,0.159880664189986,0.2000,3.838800001149,7.983071507355336,0.0000,1.3996999979017501,0.2855083129869231,0.0250,0.6210750043391999,0.13099683471038784,0.1000,0.6808499932287001,0.1838280664238391,0.0500,0.6780499935149502,0.15098852773908242,0.2500,1
0.7954499959944,0.13687659819108589,0.0500,0.6655500054357499,0.13217948220380307,0.0000,0.7383000016214999,0.16710668013675703,0.0500,0.667750000953775,0.1553823420437135,0.0000,0.70054999589925,0.17032171569260973,0.0500,0.81835000514965,0.31449963951012544,0.0500,0.762550002336475,0.23807456105294902,0.0000,0
0.6853500008581,0.16332861484312391,0.0000,0.5254999995230001,0.08296828772319308,0.0000,0.7274500012394001,0.23039628969402554,0.1000,0.7779500007628498,0.28555898281678194,0.0250,0.6579249978064252,0.13427341746381846,0.0500,0.8375000000004,0.7140741158902969,0.0500,0.67837499976155,0.2543269288490691,0.0750,1
0.80694999694815,0.2398531552347257,0.0000,0.7579500079156001,0.18758675207210102,0.0000,0.7473500013353501,0.12959336415597347,0.0000,0.7020750045774997,0.1657470059743789,0.0250,0.8348749995230751,0.26028025794490495,0.0000,1.1319500088685999,0.4097822424165885,0.0000,0.9202499985694752,0.4630513009293655,0.0250,0
0.6909000039096499,0.23986703813648078,0.0000,0.6531499981882,0.17054287094543338,0.0500,1.3557499766345498,0.7209141498201187,0.5500,0.6906750082969749,0.5183401337268098,0.3500,0.64514999389645,0.34646667553484867,0.1000,1.10615000724795,0.962861663709099,0.1000,0.7295749962329752,0.28330755029973,0.1500,1
0.7079000115397,0.10875319181394522,0.0500,0.5799499988556001,0.11166086655769741,0.0000,0.7172500014304501,0.17522526165963195,0.0000,0.6781749963759751,0.2754882765178611,0.2250,0.735624998807825,0.43214253181314005,0.1750,1.1104500055314002,0.5501098960993293,0.1000,0.7308499991891501,0.2594109430765483,0.2000,0
0.7190999984742998,0.24759346610928343,0.0500,0.6347499966618501,0.1456191566354081,0.1000,0.9852499961844501,0.4943013139820774,0.0500,0.7571999967093997,0.3313136322538438,0.2500,0.909799998998675,0.6264760817247902,0.2000,0.9160499930382502,0.49884667952670636,0.3500,0.7168500006198,0.27523684130204057,0.1250,1
0.71169999837865,0.177363790210893,0.0000,0.5774000048636001,0.10725589259385596,0.0000,0.8214499950410501,0.2973439257567371,0.0000,0.62179999947535,0.12669632321514093,0.0250,0.8127000033851752,0.3326997785886841,0.0000,0.9042999982828499,0.38142955702412734,0.1500,0.7042500019074499,0.2408736904100407,0.0000,0
0.5980500102044,0.16355765026500646,0.0000,0.6039499998093001,0.23228870456387252,0.0500,1.0596999883648999,0.4910797821076628,0.3000,0.612799996137625,0.20366879692309317,0.2250,0.600125002861,0.12053603276776564,0.0750,0.80614999532715,0.29962929300642926,0.0500,0.77712500691395,0.31102551724378735,0.0500,1
0.74789999723435,0.09452703319522708,0.0000,0.8307500004768,0.47537873232688793,0.0000,0.7460500001905501,0.3051348975663809,0.0500,0.74965000152565,0.22139796540152262,0.0000,0.77194999456415,0.4004799146510457,0.0750,1.1910999894145,0.5586549431901309,0.1500,0.8293250083923501,0.41363364843425804,0.3000,0
0.6794499993324,0.14379861572558833,0.0000,0.5737500071525999,0.09603501238558561,0.0000,0.9177500009534499,0.44630188442124746,0.1500,0.8453999996187249,0.4402970778161099,0.1250,0.9537750005721252,0.4607143839908871,0.1750,0.7673500061033999,0.23632453377379375,0.0000,0.7674499988554999,0.28457020644560016,0.0250,1
1.0013500094413499,0.37204986395906864,0.1000,0.7881500005724499,0.27207588479904615,0.1000,0.8145000100134,0.2648486207018123,0.1000,0.8431249976158748,0.36032548295941885,0.1250,0.8839249968528499,0.3555189371046046,0.0750,1.16614998578995,0.4629302044253519,0.1000,1.0866750001911496,0.42338829626375923,0.0000,0
0.76274999380105,0.17826116187888952,0.0000,0.63930001258855,0.11042174633052228,0.0500,0.8106999993325001,0.32554831795169203,0.0000,0.7373749911783747,0.19933845612805295,0.0750,0.692399996519075,0.1321465247150663,0.0250,0.91155000925105,0.20709916426477273,0.0500,0.8562250018117747,0.41922239222047863,0.0750,0
0.7268499970434,0.14067890218991114,0.0000,0.7023999929429998,0.19366774937873057,0.0000,1.1596500158310001,0.3393168274368726,0.2000,1.0926999926562753,0.6116015648547618,0.1000,0.697275000810675,0.19624734520208953,0.0250,0.9916500091550502,0.38464167896760937,0.0500,0.7868250012399499,0.2349350104928118,0.0250,1
0.8404000043873501,0.28115504068606334,0.0500,0.7627999901772,0.2017981258374493,0.0000,0.7791499972343499,0.13888241749238825,0.0000,0.686349999904525,0.1950310047545919,0.0750,0.7339999973775002,0.13616564122566885,0.0000,1.07265000343475,0.2863195315701035,0.3000,0.8238249957562749,0.23714420424795637,0.0750,0
0.7679999947547002,0.1246625306461391,0.0000,0.6117500066757001,0.06899117317395669,0.0000,0.96930000782095,0.29273395562233967,0.2500,0.8836999952796504,0.3877385700736694,0.1750,0.8101249992847,0.2968368617466841,0.0750,0.8989499926574002,0.28530122394359103,0.1000,0.86242500543605,0.2512616217275847,0.1750,1
0.9941999912263999,0.42051783041556984,0.0000,0.8091500043870001,0.22595418251993826,0.0000,1.3189000010491,1.1536806638335535,0.0000,1.1597250044342997,0.7876856802497724,0.0000,0.9713500022884997,0.6173240206665299,0.0000,1.3654000043868502,0.46458903787857714,0.0500,1.13289999961895,0.6240426149038184,0.0000,0
1.5075000047682001,0.9052274412186992,0.0000,1.770899999143,2.8706963345429415,0.0000,1.44600000381575,0.9715302682566478,0.0000,1.3455500006677252,1.2011406395873692,0.0000,1.0053999960420752,0.8507409430190097,0.0000,1.2000000000002002,0.7607795665418756,0.0000,1.3910749971869,0.7742507003130478,0.0250,0
0.8325000047679001,0.1465047021962384,0.0000,0.7090499997137,0.1335071572560562,0.0000,1.0437500000000004,0.36245796981127815,0.0000,0.7860750019554249,0.2801282142556679,0.0000,0.7442500054836498,0.23813321267252177,0.0000,0.9496500015256499,0.39016220628694603,0.1000,1.0938249945644498,0.5785546880701716,0.0500,0
0.795249998569535,0.32370338179310554,0.0500,0.6545500040056998,0.1632860969467532,0.1000,0.6558499932289,0.0978324293314452,0.0000,0.622575002908725,0.14209890164428995,0.0000,0.7206499993799251,0.22354999205997936,0.1500,0.86269999742465,0.41469381138082434,0.1000,0.6593999922275,0.23234376297763096,0.1250,0
0.74249998331025,0.33645995593889266,0.2000,0.54900000095375,0.18403545016819728,0.0500,0.69850000143055,0.1698802858641494,0.0500,0.6121249914170249,0.13916585286800057,0.1250,0.6439000010491249,0.17713746795936278,0.1250,0.7825000047680499,0.2824595522636136,0.2000,0.6794749975205748,0.24512682425195526,0.1500,1
0.7897000074388999,0.24545126895823244,0.0500,0.68969999551785,0.22312921346519224,0.0000,0.7219499945642001,0.13551014851089604,0.0000,0.9606250047685251,0.7878485336040023,0.1250,0.9750750005247001,0.6195242795583301,0.1500,0.9508500099185001,0.41318674940779865,0.1000,0.800099998712575,0.457907551243752,0.0500,0
0.69874999523175,0.21395052102915613,0.0500,0.7677000045774499,0.38202148972981903,0.1000,1.2329000115393502,0.6605218704816874,0.1000,0.9228250086311001,0.44633931539596755,0.1000,0.8051250040533249,0.46391561787238883,0.2000,1.7921499967569499,1.8979510712438459,0.1000,1.242100000381375,1.0014958994858483,0.1500,1
0.9013000011442498,0.28349567229742245,0.0500,0.7062499999998499,0.15299805709147168,0.0500,0.8384000062941999,0.31834348930500905,0.0000,0.7694749951363249,0.2390878887722709,0.1250,0.89372500181225,0.3310715460684474,0.2250,0.786149990559,0.23058013721672976,0.0500,0.7528500139714251,0.2506829259081358,0.2500,0
0.8298000097274499,0.2610074823337897,0.0000,0.6814499974254001,0.12410543227501329,0.0000,0.79659999608985,0.242890346122302,0.0000,0.7629750013352752,0.38193030446289045,0.0000,0.70072499513635,0.13509958051178012,0.0000,1.0230500102042,0.37916438383403384,0.0000,0.878724998235825,0.31792895162454304,0.0250,0
0.81640000343285,0.34560479960673907,0.0000,0.77135001420995,0.31594341998179387,0.0500,0.9330500006676001,1.1426574276123842,0.4500,0.81192500591285,0.4140034405307409,0.2500,0.7147750020027499,0.43605149314232067,0.0500,1.0315499901772,0.5972919110977271,0.2000,0.6993250012394748,0.4354389047039899,0.1500,1
0.6524500012397999,0.1129086761931403,0.0500,0.55189999341965,0.06702233813907464,0.0000,0.6470500111580001,0.10019215984970935,0.0500,0.6064749956130998,0.12160444435567996,0.1000,0.6418750047683,0.12170482536000814,0.1000,0.6542500019075,0.11469449330455482,0.1000,0.6469000041485,0.14672366505929674,0.0750,0
1.0133000016213498,0.37636501164844494,0.0000,0.7976000070574999,0.13213926635227788,0.0000,1.1116000056266,0.47344112237084596,0.0000,0.8843999981875749,0.4435867643822473,0.0500,0.8522249996663497,0.4011041507580009,0.0250,1.4564499974243499,0.6892381203270739,0.0500,1.0681749999519252,0.522853048955087,0.0500,0
0.8134499907490499,0.16829937091629857,0.0000,0.6958499908448001,0.14007453911219334,0.0000,0.8008000016212499,0.19879125771939019,0.0000,0.7703999996182999,0.22059391666844136,0.0000,0.9368000090118997,0.47827323164491414,0.0750,0.7703999876974998,0.18423795019936523,0.0500,0.917575001716575,0.5030444766856916,0.0500,0
0.9391500115400498,0.6276018335528796,0.2500,0.7548500061036001,0.21546553768750082,0.0500,1.67440000772595,0.869441525084403,0.0000,1.0843749940389749,0.6807811527040839,0.0500,0.6810250043867502,0.19592470004617976,0.0500,1.1144000053408,0.4189291817016667,0.1500,0.8648249983788497,0.3576314859919939,0.0000,1
0.7830500006678498,0.19463988534742765,0.0000,0.7343999981880002,0.16862775613007805,0.0000,0.8082499861713,0.18238215292108506,0.1500,0.9403750002388005,0.38372155054494866,0.0500,0.7269250035285999,0.2484157594221445,0.0500,0.8731500029564501,0.31099015690576215,0.0000,0.8351999998092248,0.5317691584407676,0.1000,0
0.8138999938962501,0.26408248091655406,0.0500,0.6128499984738,0.13097982420896936,0.1000,1.16085000038235,0.49236210569889133,0.0500,0.9770000040528499,0.5208260532582998,0.0750,0.747799998521725,0.33077338680730345,0.0250,1.0947000026698999,0.45701606728217153,0.0500,0.9982499957080501,0.43819111800926797,0.0500,1
0.8309499979018499,0.2826728784592182,0.0500,0.6871500015257,0.12749419850481444,0.0000,0.7539000034331501,0.1191093627697646,0.0000,0.6545499980449,0.07954225244402711,0.0000,0.7203750014304251,0.08870166877164587,0.0250,1.2782499909399503,0.4761450515245782,0.2000,1.0481499969960253,0.6412686700407337,0.1250,0
0.75254999399165,0.23381961582660687,0.0000,0.6194499850273002,0.14275759922924694,0.0500,0.7086500048633999,0.1808376148294088,0.0000,0.6839500069615576,0.2168440279750296,0.0750,0.6767749965189748,0.21499270967131812,0.1000,0.9158499956134,0.31333743790900365,0.1000,0.898950004577425,0.2799113194580234,0.0500,1
0.7519999980927,0.1875190067491622,0.0000,0.6545500040055499,0.08930815467917178,0.0000,0.7791499972342499,0.14049398517258774,0.0000,0.8589500010014002,0.7201032820441777,0.0500,0.7629000008106751,0.23174940279127582,0.0250,0.9796500086783497,0.43474895914351525,0.0000,0.8224749982356749,0.2613172746517785,0.0750,0
1.1957999944686002,0.4105995420925084,0.0000,1.01435000896435,0.3357438590847664,0.0000,1.3215499997133495,0.5853999415132028,0.0000,1.01797499656645,0.29662535787876326,0.0000,1.0723749995229501,0.5109499249212237,0.0000,1.1727499961854,0.38342705692911583,0.0000,0.9603749990463747,0.18077405155649418,0.0000,0
0.8509999990458501,0.10413858902379612,0.0000,0.8255500078198,0.11449130167525032,0.0000,0.9255500078201002,0.4350561523636755,0.0000,1.0955749988553503,0.6934686392925504,0.0500,0.8843749999996998,0.20718400164212328,0.0000,1.0983999967575502,0.476664661539363,0.0000,0.9127749979495251,0.18370828762640204,0.0000,1
0.9161999940868002,0.18453510344425336,0.0000,0.7429000020024998,0.14882341046204037,0.0000,1.0348500013355502,0.3562381366141843,0.0000,0.8433499991889999,0.3581182722791659,0.0500,0.7844750046725999,0.38616404811264116,0.0250,0.9547999978068502,0.4475054035664408,0.0500,0.8411750078201997,0.4624824590262435,0.1000,0
0.65624999999985,0.07997164229317391,0.0000,0.6925500035284999,0.11551869786615314,0.0000,1.42319999933225,0.3606241024302823,0.0000,1.4840499997140748,0.34317366916422587,0.0000,1.0020749986170248,0.7421989464360573,0.0500,1.0394999980934498,0.42222601796905357,0.0000,0.8907750010489751,0.4724646949366455,0.0250,1
0.7062499999999501,0.10874690277055941,0.0000,0.7255500078200499,0.3405788042931514,0.0500,0.7507499933243001,0.16318306469673238,0.0000,0.7011749923230753,0.17087103793182326,0.0500,0.6395749986170751,0.1546859425671321,0.0500,0.84234999418245,0.2667879783197822,0.1000,0.7320250093937001,0.2599936489597001,0.1250,0
0.5464500069617799,0.14975152004912903,0.1500,0.5172000050545,0.12327403905739628,0.1500,0.9122999787330999,0.32160013718027336,0.4500,0.5879749894141499,0.11883009205390302,0.2000,0.592224997282025,0.12316208828250193,0.1500,0.6171499967575,0.05682589361014716,0.0000,0.658399999141525,0.10175452950418964,0.1250,1
0.75079998970065,0.19988222194304062,0.0000,0.63680000305165,0.08861777735889564,0.0000,0.8959499955172499,0.2912381226928515,0.0000,0.8213249981403751,0.33197800795976984,0.0750,0.8911750018590249,0.49992896516500035,0.0500,0.8520500183102501,0.20531833352169912,0.1000,0.78222498893715,0.26223480141206335,0.1000,0
0.5922999978065,0.1072876212738018,0.1000,0.5563500046729499,0.1279560951944773,0.0500,0.6019499897957499,0.13213806063742498,0.1000,0.645824998617275,0.14908507297466034,0.1750,0.5795750021935003,0.1512539174371205,0.1000,0.8935999989507,0.28766931974605586,0.1000,0.7111750185487499,0.22214317045933218,0.2250,0
0.5511500000953999,0.0717673609816311,0.0000,0.5072000026704,0.13699237413993842,0.0000,0.9607499957084998,0.29951921215131766,0.0000,0.8758000016213,0.19373893417923363,0.0000,0.58717499971395,0.1656170983667867,0.0750,0.72289999723415,0.2732328584512979,0.2000,0.608624994754725,0.2079670363324341,0.2500,1
0.7851500034334001,0.3124877049172659,0.0000,0.7376999974253998,0.2578734924851777,0.0500,0.86309999227495,0.30876029786775083,0.1000,0.8303749918941501,0.40228628685105267,0.1750,0.724599999189625,0.1429272496603474,0.0250,0.7848500013354501,0.21808477498028653,0.1000,0.7653249979019499,0.30809434326855706,0.1500,0
0.6413499951361499,0.15575023789346806,0.1000,0.6134500026704001,0.1904944624734578,0.1500,0.7106999993325,0.20759910767903197,0.2000,0.682424998283325,0.21601507105510603,0.2500,0.6400999903678499,0.1954702133415269,0.1500,1.34704999923645,0.5694487151675707,0.0500,1.16550000309905,0.42910493091053575,0.0250,1
1.1822000026705999,1.0605484744228468,0.0000,0.8759000062947496,0.5079759799491944,0.0000,1.5648499965667,1.5960655301736801,0.0000,1.1417499959465502,0.9314963384835522,0.0250,0.734525001048975,0.17973012645417982,0.0000,1.5152000069622003,1.361272832275478,0.0000,1.3986249983311505,1.2691427903265529,0.0250,0
1.5749500036236,1.3148341429889836,0.0000,0.83475000858325,0.46291504173497733,0.0000,1.2083999991412,0.7760574472686994,0.0500,1.403924995660375,2.470574952214122,0.0000,0.9240499973300249,0.35341962031003793,0.0250,2.0705999970428497,2.0093054032403708,0.0000,1.6226749956606454,1.5548664453884804,0.0250,1
0.8286999940870002,0.1043657749326913,0.0000,0.7633000016212,0.04829522629563504,0.0000,1.2166000008582,0.5199690151806011,0.0000,0.835074996948275,0.1619775735469618,0.0000,0.7991499960421999,0.17657996434567033,0.0000,1.2723000049588,0.4544464637969331,0.0000,0.9781499981879251,0.2815050422151238,0.0250,0
0.7834500074387999,0.17041974734354173,0.0000,0.66210000514995,0.13275976749354942,0.0500,1.4799999952320002,0.1740928176101209,0.0000,1.2640999972825,0.1824887319515803,0.0250,0.7186750054360751,0.2430131847099989,0.0250,1.2060999989506502,0.526944310237906,0.1000,1.2006749987595002,0.45254377159377795,0.0750,1
0.70379998683925,0.15114286180201855,0.1000,0.6520999908446001,0.35809595007480016,0.2000,0.9216500163078498,0.40071469246664576,0.1500,0.7554249942303926,0.32218657517162114,0.2250,0.7287750124932751,0.20499976963898434,0.3500,0.6873500108721501,0.23989916203068185,0.2500,0.70000000596025,0.26647345793869853,0.4500,0
0.71664999723415,0.14354105228989053,0.1500,0.6740499973299501,0.21760960897714776,0.3000,0.5981500148772501,0.16450318396042238,0.4500,0.7223250031470251,0.274854378790518,0.2000,0.68180000185955,0.2302408434413038,0.2750,0.987199997902,0.42546810012226516,0.5500,0.7116999983785249,0.29216331095140075,0.2000,1
0.8113000154492502,0.0910876657569662,0.0500,0.7439500093455998,0.1347619582773507,0.1000,0.7855000019075,0.11748389186666935,0.0500,0.7068499922750999,0.16202192494312187,0.0750,0.8797750055789502,0.19635690828155986,0.0250,1.0235000014300502,0.3401662989629907,0.1000,0.9420749962326251,0.4232936152040761,0.0750,0
1.4172999739636498,0.9563891146946676,0.2000,0.69159998893745,0.2317331558414851,0.0500,1.0240499973294503,0.44843026145215925,0.3500,0.844950002431675,0.32619152207558355,0.1750,0.72535000443455,0.19294006813619055,0.1250,1.3042500019076004,0.7998991958431688,0.1500,1.0493499994278,0.3975898433997107,0.0750,1
