432.993582333857,0,0.05,0,0.2,0.1,0,0.175,0.175,0.05,0,0.15,487.999916077,918.999910355,91.9214304686874,1.23859898011858,273.000001907,0.513065140172789,132.2502493855,13220.4648746326,401.000022888,484.4999313355,2482.00011253,168.274921846336,3.2169117904482,313.000202179,2.84609445610557,162.250041961,19438.3316574261,175.999879837,1.94875842582811,142.7502036095,44515.6108783546,503.999948502,0.31468587867297,427.99985408425,119567.117137686,326.999902725,189.772831106431,1.82460269952478,78148.3629210813,0
400.495589533646,0,0.05,0,0.05,0,0,0.05,0.1,0.1,0,0.125,471.999883652,1104.00009155,80.801499224084,1.80406571821723,447.999954224,3.00107624470497,124.00007247875,33789.7842237244,878.999948502,980.4999828335,1407.99999237,157.155520821747,-0.140480557172892,335.999965668,0.292911724828163,417.74976253625,123090.841509768,350.999832153,1.47639151131833,195.99997997275,91883.5344539788,503.999948502,3.01704945392305,294.00002956375,260839.161745538,416.000127792,323.948303604717,0.826805291944428,103980.206118804,1
218.52027984847,0,0.05,0,0.1,0,0,0.1,0.05,0.15,0,0.2,621.000051498,1238.0001545,46.7018731360293,2.21471928162673,485.999822617,2.62176261012127,105.4998636245,31560.8368901036,607.000112534,698.000073433,1006.99996948,114.901478791407,0.341166213969254,492.000102997,1.2255857804643,204.49984073625,26531.1665350919,522.000074387,2.30454279299201,181.5001964565,31724.5054619764,605.999946594,0.0265051016386693,220.24995088575,34701.9552165071,253.999948502,81.5430989746694,0.00156406667973732,15666.9719871703,0
407.023776476802,0,0.05,0,0,0.35,0.05,0.45,0.15,0.1,0,0.175,513.000011444,937.00003624,60.0451897145751,1.02944553428157,541.000127792,4.58675810961708,59.24987793,7193.94147617859,253.000020981,926.500082016,1993.00003052,201.633478402337,0.399103108628973,282.999992371,-0.0399374944098598,215.25001525875,35244.4099381304,480.000019073,0.635268835976627,180.9999346735,18001.5428045919,575.000047684,-0.433270133506142,208.49978923775,30397.0925035846,500,110.453470945713,0.595402438047698,18794.3986722715,1
470.318245134277,0,0,0,0,0,0,0,0,0.1,0,0.075,633.000135422,1236.00006104,101.55816221212,1.23574506270937,562.99996376,-0.101848918672812,42.7500605587499,1390.93297362988,582.999944687,707.4999809265,1975.00014305,67.4583593848018,1.94311377747653,601.999998093,3.86527701867179,143.5000300405,23372.435306606,564.0001297,1.25920858939248,215.2500748635,31482.6769194715,591.000080109,2.20338200384618,380.50001859925,281253.921780118,578.999996185,182.359661436204,2.50560925526214,158502.995639049,0
381.657412491202,0,0,0,0,0.5,0,0.025,0,0,0,0.05,596.999883652,2522.00007439,161.603351926695,2.3791282648095,543.999910355,-0.3323894187298,93.4999585149998,6074.86966842611,646.000146866,817.4998760225,1703.99999619,220.16622583864,1.07361758932177,559.000015259,6.53518652501168,374.7503757495,190605.494948324,550.999879837,4.01393692678736,163.5000705715,75723.3039223554,625.999927521,2.59501191017467,167.4998402595,67409.2968944452,598.000049591,173.464175963348,3.92545245904201,409273.227933229,1
513.086108325209,0,0,0,0,0.05,0,0,0.075,0.1,0,0.025,792.000055313,3213.99998665,407.715141395562,1.29303189374401,727.999925613,2.92725406602164,156.0001373295,105732.466275959,824.000120163,994.000077247,2351.99999809,403.267310285425,0.551593253570923,710.999965668,0.920930722977366,285.74997186725,55840.140944787,865.000009537,3.76831754628404,1153.49990129,1881803.61066561,1128.00002098,1.16848220751879,431.999921795,238023.234214509,759.999990463,332.102542807739,1.08785117758022,234417.098779839,0
266.619090304513,0,0,0,0.1,0,0,0.025,0.025,0.15,0,0.2,680.999994278,1104.00009155,165.309936761808,0.352667103714409,625,1.5493271263774,162.250041962,24691.4339098679,488.999843597,647.500038147,1168.99991035,115.642901802729,0.959237244033093,497.000217438,3.13942825776858,185.000002384,46297.1977171988,518.999814987,2.80923725852401,192.25013256125,62921.3677463759,528.000116348,0.641793406507665,319.999933243,60558.4143918019,401.000022888,185.324823260737,2.31327694894179,90303.4916184787,0
693.663304935607,0,0,0,0,0.05,0,0,0.075,0.15,0,0.075,513.000011444,1440.99998474,88.2148456328329,1.40882745912021,471.999883652,3.20679767421999,139.99998569525,40588.168861147,519.999980927,600.0000238415,2151.00002289,236.474880981723,1.93324946035963,401.000022888,1.58316595805382,162.0001196865,58059.482670112,447.999954224,2.41304667736451,190.0001168245,114540.412940805,504.00018692,-1.01642281743822,1099.9999046355,583540.970178316,470.999956131,415.869380591171,2.40477091009197,412127.759534082,0
950.199944247652,0,0,0,0.05,0,0,0.025,0.1,0.05,0,0.025,414.999961853,1430.00006676,141.588465428508,1.47270071988638,351.999998093,2.76160532173864,105.99994659425,29120.9974192987,608.000040054,1460.00003815,3699.99980927,611.572712093343,0.447410684393633,1263.99993896,3.8472925715094,525.249958035,332248.799568581,447.000026703,2.12256652396376,248.49998950925,283295.378354467,528.000116348,1.88950027453694,832.4999809225,1104305.86447417,487.999916077,101.55816221212,2.44448620997631,94013.0278607576,1
350.690155090189,0,0.2,0,0.1,0.05,0,0.05,0.05,0.1,0,0.125,584.000110626,2536.00001335,213.494125699726,2.04828274971172,664.000034332,0.608651830218728,315.999984739,75266.010528327,552.000045776,683.9998960495,1743.99995804,183.101261186789,1.65379467218944,488.000154495,12.1024147981932,212.99993991875,155146.440338239,463.999986649,1.81635481807296,391.999959941,182247.139377007,456.000089645,-1.04722983528866,529.249846933,134907.408021126,503.999948502,309.121964263522,2.22252720636498,384999.564250974,0
233.144823419799,0,0,0,0,0,0,0.025,0,0,0,0,733.999967575,1171.00000381,67.4581826440556,-1.04505586731098,904.99997139,5.96105615953548,65.7498836545001,9615.92776699553,838.999986649,975.0000238415,1608.99996758,77.8363373965863,2.11433997553176,701.999902725,4.06781900470899,141.499876976,47634.746997225,650.99978447,2.74551346529558,168.24984550475,178173.149885279,868.000030518,-0.00136855230316879,348.75005483225,75153.7409423925,724.999904633,297.261316966133,1.98585050647075,229221.697276465,0
278.413114827187,0,0,0,0.05,0.1,0,0.075,0.125,0.2,0,0.125,545.000076294,3351.99999809,126.021056556742,3.31261713828983,504.00018692,0.0293665329674786,131.7499876025,10979.9422858877,480.000019073,577.0001411435,1360.00013351,102.299408483437,1.54708891476344,431.999921799,2.4631956185676,212.00013160675,40676.2510823178,473.000049591,4.31544723484441,210.250139236,95205.7973414822,527.000188828,-0.0341198911925695,137.250125408,15656.9940590635,545.000076294,206.82273252009,1.96553657727411,114285.643373076,0
337.111952006248,0,0.2,0,0.25,0.2,0,0.175,0.2,0,0,0.15,440.00005722,4012.00008392,59.3039434432577,3.74179863435233,392.999887466,-0.00598332778128174,110.9999418255,9595.49017059822,512.000083923,575.5000114445,1807.99984932,100.816915940803,2.19216980282459,440.00005722,4.2701093364102,90.25007486275,14118.7968750917,438.999891281,1.63236546996379,152.2501111025,39465.981502034,537.000179291,5.85825085213537,165.50004482325,52559.1846928214,496.000051498,111.936493706138,3.08912959635999,84790.1503544659,1
319.578476705413,0,0,0,0,0,0,0.025,0,0.05,0,0.05,559.99994278,1348.99997711,120.831802439731,1.43109838721763,531.999826431,-0.766114652890595,153.4997820855,20716.0311210803,592.000007629,644.9999809265,1879.99987602,194.220485472115,1.61994545738466,503.999948502,2.68126418943775,206.499934197,47958.3755373528,382.999897003,1.49268634508393,112.0000481605,21802.4661580773,575.999975204,0.631265816155832,312.2497797045,85750.0440415861,415.999889374,308.380894735175,1.87760726130595,213645.998624507,0
439.010500351756,0,0,0,0.05,0,0,0.05,0.025,0,0,0.025,468.000173569,909.00015831,40.7715494869641,1.90445871942496,457.000017166,-0.564541823120325,319.249927997,38127.1204767116,496.000051498,575.9999752045,3155.99989891,209.788071083886,3.09203685792409,448.000192642,2.34884506137921,145.25002241125,65232.0172047026,433.000087738,2.04974173754081,111.2501621245,18539.4699706723,527.000188828,-0.239991764534735,310.24992465975,56368.7842619911,463.000059128,266.126675963348,0.915061038518563,63162.9651601023,1
339.411117838549,0,0,0,0.05,0.1,0,0.15,0.125,0.1,0,0.225,636.999845505,1511.9998455,179.394499611671,1.05123082544393,633.000135422,-1.0758204256105,360.2501153935,55878.4045705908,631.000041962,721.999883652,1870.00012398,165.309936761808,1.27926306124979,562.99996376,8.43476434435845,136.750161648,31193.1946847046,598.999977112,3.72418513129643,73.0000734322499,30376.5432480656,619.999885559,-1.07523592425768,293.4999465945,26037.5326965607,247.99990654,146.036119794934,0.242371080386364,48336.3577966998,0
613.782891802148,0,0,0,0.05,0,0,0.1,0.025,0.1,0,0.025,578.999996185,876.000165939,77.8365141380736,-0.0164739599645374,540.999889374,-0.421559508730607,71.7500448227499,5175.08517979516,599.999904633,708.999991417,1350.99983215,111.936140227611,0.928179155757706,437.99996376,8.24836892783126,172.0001697535,55581.0836795284,453.999996185,1.43117507011182,163.7500524515,26090.1544959386,641.000032425,3.91880256916735,773.500204089,597376.612911264,470.00002861,127.503372359372,1.7129143213838,29978.6922365819,0
502.120189902491,0,0,0,0,0.05,0,0,0.025,0.1,0,0.075,736.000061035,1615.99993706,59.3041201825212,2.25168459437688,679.999828339,5.22948260453395,98.2499718665,11855.1867829438,743.999958038,776.000022888,1079.99992371,41.5126190182767,2.69524109907039,759.999990463,4.52024777020342,60.5000853534999,5803.72854968395,759.999990463,2.75669957878126,56.2502145772499,6467.57047131373,935.9998703,1.57350835450721,389.999985695,295812.666112582,712.000131607,177.912183809783,1.75211418266161,103305.679323924,0
441.491571066884,0,0,0,0,0,0,0.025,0.025,0.05,0,0.025,424.000024796,1088.00005913,153.449112725156,0.857380108181697,448.000192642,0.480575276289098,293.99985074925,57865.4245839533,536.000013351,784.0000391005,2615.99993706,142.329534959821,2.02938270234434,447.999954224,4.40814201758849,289.99996185325,230894.052609949,480.000019073,1.76161233270165,142.000198364,40874.3078904624,569.000005722,0.941449222653238,296.00006342025,171748.629971189,503.999948502,177.912007069778,2.67724058325089,113673.368465879,1
463.8103223399,0,0,0,0,0,0,0,0,0,0,0.05,597.00012207,6404.99997139,211.27038688355,3.46804492441755,605.000019073,6.70034328411589,152.24999189375,68411.7068872489,648.000001907,748.4998703005,1935.9998703,85.9909300803588,2.38196776852023,657.999992371,23.9186718712321,69.4998502730001,56772.9251542306,710.999965668,2.45613809680392,395.749866962,508892.098997305,686.000108719,10.2100191607923,238.75004052925,330779.85224767,506.999969482,379.545485474339,1.03225387908844,275824.140511561,0
418.829378922445,0,0,0,0,0,0,0.025,0.05,0.1,0,0.175,523.000001907,921.999931335,123.797141003527,0.624014373534023,529.99997139,8.34096969490513,133.250057697,95351.3295152213,513.999938965,611.000061035,1417.99998283,96.3689080958499,2.00206964129429,442.000150681,0.730005294532243,285.5001688,73701.2343741899,483.999967575,2.89531118687089,192.499935627,104603.368663788,512.000083923,1.67213986084576,391.000092028,246482.493420512,459.999799728,286.141739201539,2.48319010251998,915215.72711545,0
976.68266427462,0,0,0,0.05,0.1,0,0.05,0.025,0.1,0,0.1,470.00002861,3421.00000381,128.244795370694,2.77569433904949,412.000179291,6.09222721388296,161.49997711125,51455.2809655568,394.000053406,562.5,3536.00001335,292.813485861185,1.94248164294829,378.000020981,8.1583250070842,416.0000681875,1254617.8541642,420.000076294,4.48381715786075,223.24991226175,410046.450298394,445.999860764,7.47933694672884,436.499953269,1306563.63390238,424.000024796,560.422654366426,2.10171943504476,877317.124125954,1
511.412930985816,0,0.05,0,0.1,0.15,0.05,0.2,0.125,0.35,0,0.225,657.999992371,1542.99998283,212.011986640066,0.756805730780145,460.000038147,0.892847408654395,140.7498121265,40146.2651595695,230.000019073,758.0000162125,2029.00004387,288.365654754754,0.640953299577332,206.000089645,3.74526213880572,320.2498555185,116564.742844755,460.999965668,1.20068353728196,311.999976636,89535.3697616877,510.999917984,-0.237847925937065,548.74992370525,256516.947253124,308.000087738,309.863387274844,0.883128924946846,105273.134689774,0
402.260356219917,0,0,0,0,0.1,0,0.05,0.025,0.15,0,0.05,587.000131607,2311.99979782,166.792606043706,2.44987220268065,559.99994278,-0.143233545277897,184.00013446825,22829.6150229392,457.999944687,689.0000104905,1575.9999752,180.135922622252,1.15571686559101,415.999889374,19.0233523262123,198.5000967975,79295.0341694091,416.000127792,1.66980507957996,150.000035763,60769.0187442514,521.000146866,-0.655510082266408,431.99980258675,188297.050049572,432.999849319,326.172219157191,1.13905868623904,131372.643300483,0
500.112673005376,0,0.1,0,0.05,0.3,0,0.125,0.075,0.05,0,0.025,382.999897003,976.000070572,159.379613113484,0.595910344360115,447.000026703,3.60129334452006,159.2497229575,71323.6171016144,607.999801636,987.9999160785,2560.0001812,426.247535345184,0.583464919302702,400.000095367,2.03931568293881,475.99995136675,299628.783515928,136.000156403,2.36705987423668,363.99996280675,202690.396217833,552.000045776,0.628531648988459,499.99988078975,182499.182165922,464.000225067,243.14627416136,1.35579254556088,150466.961909775,1
265.634303259484,0,0,0,0,0,0,0,0.025,0.05,0,0.025,673.000097275,1896.00014687,154.931428527786,2.10272302890445,523.000001907,4.68089909616402,95.4999327657501,14510.0463009642,694.999933243,779.49988842,1308.00008774,79.3193601614589,1.64566791840477,573.999881744,0.282840741044035,151.0000228875,15179.4900809008,540.999889374,2.03525263546032,186.74987554475,70929.1518596284,649.000167847,-0.739852419673245,335.25007963175,78091.1374873766,613.000154495,191.255500388328,1.97526967262462,93462.7195526515,0
469.987440681378,0,0.1,0,0.1,0.2,0,0.175,0.15,0.2,0,0.15,483.000040054,1121.99997902,65.2344438308452,1.86346285357245,397.000074387,-0.336925622773008,200.25002956375,34232.7274294519,323.999881744,705.999970436,2138.00001144,115.642725062724,2.51169543006644,351.999998093,1.74776250597879,160.50004959075,41913.8344349365,266.999959946,2.86730226704891,335.999965668,140957.813964513,594.000101089,0.526266204269974,509.0000033385,227132.032159159,434.000015259,220.907295369953,1.7901445760774,246057.951450378,0
237.702882966891,0,0,0,0.15,0.1,0,0.175,0.225,0.05,0,0,509.999990463,1283.99991989,312.087302828059,0.278956967430767,367.999792099,-0.869423691496098,273.49996566775,40542.5887761803,404.000043869,565.500020981,1032.00006485,217.200887274844,0.104454772380273,435.9998703,6.67085288897558,307.74998664875,152623.939216921,396.999835968,1.10642028186172,451.4999985685,182310.045463177,500,1.18740608593712,198.74995946875,41745.308369182,440.999984741,128.98604164127,2.9482534908353,49320.7379987008,1
311.350476710964,0,0.05,0,0.05,0.1,0,0.1,0.25,0.25,0,0.15,536.000013351,1055.99999428,53.3736197941926,1.28823906107286,414.999961853,5.37570124760702,123.50004911425,35096.9657855814,455.999851227,592.0001268385,1439.9998188,136.39938805076,1.49649941527523,400.000095367,0.313300433790964,306.000113487,60248.8899770894,113.000154495,2.09584456683312,218.25003623925,115504.128077183,424.000024796,-0.122070100140033,434.0000152585,105372.769339742,104.000091553,159.37943637348,3.35678592931003,165868.896112584,0
363.644435786087,0,0.05,0,0.15,0.15,0,0.1,0.125,0.1,0,0.25,503.999948502,1175.99987984,101.557808732111,1.22735118446446,407.999992371,4.64660004654452,92.75007247925,74580.1465111331,440.00005722,564.00001049,1904.99997139,106.747239589127,1.4835213301723,391.999959946,2.15491148267488,232.74981975575,96122.1440051718,472.00012207,2.12441757559844,241.9999837875,108798.487061619,416.000127792,6.05181826610862,230.75008392325,67245.2625390063,375.999927521,129.727464652592,2.73867086777429,46976.7363616187,1
226.970320880813,0,0,0,0.15,0,0,0.15,0.05,0,0.05,0.1,567.999839783,799.999952316,71.1649442184323,-0.0304061870501897,512.000083923,1.79571527117941,121.25003337875,15420.0426482803,575.999975204,611.5000247955,1438.99989128,77.0952678682388,2.43252453123343,512.000083923,-0.704026765153283,131.2500834465,9376.31485263983,496.000051498,4.10966060571979,95.999956131,40591.4613269738,16.9999599457,2.4504469015799,128.000020981,65273.5257148593,480.000019073,70.4233444685882,2.54987739517386,19931.1660520671,0
404.43566561813,0,0.1,0,0.1,0.1,0,0.075,0.075,0.05,0,0,496.000051498,828.999996185,94.886415552474,0.713653601194253,447.999954224,7.94389901255636,96.24975919775,24499.4108623211,463.999986649,575.999975204,896.000146866,107.488485860444,0.402159102574213,95.999956131,6.77120648945836,79.9999833107502,16316.4324693508,496.000051498,2.43342702064203,128.000020981,24317.6281843216,527.99987793,-1.76477993065373,723.999917507,169056.658211622,543.999910355,404.008556554518,0.0346586660868619,85506.8362982647,1
413.025737694753,0,0,0,0.05,0,0,0.125,0.05,0.05,0,0.1,520.000219345,830.000162125,40.0301264763834,0.493628236110496,496.000051498,1.05733929115508,165.9998893735,32123.2911105367,456.000089645,548.000097275,1855.00001907,117.125217604617,3.08534276538414,440.00005722,-0.295566527056259,274.24991130825,34306.1020201769,416.000127792,0.902337442873896,149.250090122,13403.0893607039,489.000082016,0.206636338033477,527.2500515,207441.716070048,335.999965668,195.703331494018,1.08067877156556,64303.4828493166,0
314.800852722006,0,0.05,0,0.1,0.05,0,0.175,0.125,0.1,0,0.125,509.999990463,1246.0000515,148.260212087413,1.26873898657359,415.999889374,1.01148991538771,169.999957085,22248.2598936066,544.000148773,671.9999313355,1479.00009155,77.0952678682389,1.87533653890511,417.000055313,0.262877092718027,266.99990034125,38382.5821718736,424.000024796,1.84256579818171,173.99996519025,37878.1513142972,415.000200272,1.22633728625942,313.25018405875,127827.64078854,272.000074387,149.742704630047,1.56822329305991,32025.668057577,1
379.513763421761,0,0.1,0,0.05,0.05,0,0,0.125,0.25,0,0.125,571.000099182,1159.99984741,88.2148456335742,0.965881789743953,490.000009537,5.85888296421473,257.749974727,123905.105286954,539.999961853,569.000005722,1127.00009346,154.931782007054,0.916483795118699,473.999977112,2.30964389971382,110.5001568795,14745.8027385659,444.000005722,1.67941639734703,192.00009107575,31949.3333036913,474.999904633,9.7758602177365,230.49998283375,154855.005408425,342.99993515,192.737816190217,1.24795778578237,79548.0284654961,0
355.446473748506,0,0,0,0.2,0.05,0.05,0.1,0.1,0.25,0,0.175,516.000032425,937.99996376,80.8014992240842,0.689308825602829,358.000040054,1.13920652906952,104.2500734335,15278.1524052829,75.9999752045,638.4999752045,1246.0000515,179.394499612413,-0.369125093356059,414.000034332,1.60345142260568,96.7500209814999,10260.2058486459,428.999900818,1.72341502234015,158.24979543675,39011.3566731033,501.000165939,4.68769443339218,169.24983263025,99952.1295711092,393.999814987,154.190358996473,0.211290673465892,27636.0370824847,0
270.503043497305,0,0,0,0.05,0.35,0,0.075,0.15,0.1,0,0.1,445.999860764,824.999809265,73.3885062931208,0.915029843771222,450.999975204,-0.6011343887038,89.7500514987499,3163.95771354324,351.999998093,439.0000104905,1060.9998703,196.444577765335,0.801162254518588,60.9998703003,4.09835587022363,129.2499899865,25709.9827743783,414.999961853,3.28497749001919,205.74986934675,101584.990269587,556.999921799,-1.00822750089026,133.24999809225,10065.522779099,452.000141144,146.777542806256,1.31500488848132,43458.4418480475,1
237.696983548646,0,0.1,0,0.05,0.1,0,0,0.15,0.1,0,0.125,437.99996376,1089.99991417,42.2542187688621,2.07803605603368,506.000041962,-0.924989558542129,73.500037193,3062.34674701156,517.999887466,556.9999217985,1035.00008583,50.4084579704011,2.82728685941909,426.999807358,0.264584697090902,101.5000343325,6810.83881627269,450.000047684,1.40177432751925,151.4999270445,31568.8298357613,450.000047684,0.759486341379944,202.50004530025,49919.8343804162,495.000123978,117.125394343881,1.05987702665332,19819.9303993782,0
245.614641642699,0,0.15,0,0.1,0.05,0,0.025,0.125,0.05,0,0.1,371.000051498,821.000099182,74.8711755750189,0.757803346907489,168.000221252,0.513067414267989,151.499927044,29612.887752199,595.999956131,686.000108719,1641.99995995,125.279810286166,2.39948291532642,551.000118256,0.461596914077598,112.249970436,8923.76599343433,359.999895096,0.879468050937715,170.99994421025,21074.5854349166,506.000041962,3.56150307165565,101.2501716615,18017.0060435702,473.000049591,91.9212537286827,2.78390940341606,33307.3716259913,1
522.556252166951,0,0.1,0.05,0.05,0,0,0.025,0.025,0.25,0,0.075,271.000146866,1145.99990845,186.807669282639,-0.0108556808060794,511.999845505,4.55440575941787,69.75007057175,9438.72698880931,546.000003815,596.4999198915,1341.00008011,100.075846410231,2.16945196936359,233.000040054,1.87738791987722,164.49999809225,26865.5831978455,439.999818802,1.22576495754237,157.75012970025,15671.3930712725,592.99993515,3.37761693071286,441.2500858335,273795.640369719,554.999828339,191.255323648324,2.08458425127625,158262.295096993,0
625.726091107098,0,0,0,0.3,0.05,0,0.075,0,0.05,0,0.15,584.000110626,1052.00004578,166.792606043706,0.179533939294587,535.000085831,11.8287605495769,246.50019407275,1079677.65866832,609.000205994,677.999973297,4327.00014114,146.777366066251,3.61882861966008,469.000101089,16.131626296663,276.25006437325,370176.293589295,455.999851227,1.0056523942059,151.5000462535,27525.9882186113,493.999958038,2.10334472411334,190.00005722,122158.740509835,482.000112534,272.798422622252,1.11040130898891,223347.236102835,1
332.400273462437,0,0.05,0,0.05,0,0,0.075,0.075,0.05,0,0.05,523.000001907,921.000003815,54.8561123368272,0.573340332767207,550.999879837,1.49020529712604,124.50003623925,11828.009394683,718.999862671,760.4999542235,1320.00017166,83.0255915165628,2.38290548033611,226.000070572,1.7514810913866,88.00005912775,19006.7252259026,521.000146866,1.59614393554112,121.49989604925,23612.5361542334,601.000070572,2.2058838109818,275.99984407425,183734.736350337,430.999994278,130.468710923168,0.941112101383858,28706.5072250136,0
484.51216761663,0,0.25,0,0.2,0,0,0.025,0.1,0.05,0,0.25,430.999994278,902.99987793,49.6670349598206,1.7951840709175,342.000007629,-0.0144514916020322,206.00008964575,25561.8267818311,1260.99991798,1343.00005436,35664.9999619,166.051183031643,3.24251579821456,1082.00001717,1.43531081664033,180.4999113125,81514.9967846389,386.999845505,0.449377351431657,165.74996709775,17160.1707041407,472.00012207,3.50509723726073,180.9999942785,33792.7580051274,240.000009537,131.951556945071,-0.0642518918912185,22797.5355088157,1
281.618261659769,0,0.05,0,0,0.05,0,0,0.05,0.05,0,0,575.999975204,1055.99999428,160.120859384802,0.347059354312508,512.000083923,1.18778979579457,147.749841213,17471.4155156655,537.000179291,600.499868393,1152.00018883,171.240437150137,0.807885159903018,448.000192642,0.804360234277926,173.999726773,24143.6722189896,487.999916077,1.3897612671028,201.9998431205,29009.4868364742,471.999883652,0.0077895715774452,333.2501053805,98910.0232519988,495.99981308,148.259858608145,1.28114088349379,56679.4966205544,0
545.258319165169,0,0,0,0,0.1,0,0.025,0.05,0.05,0,0.075,526.000022888,1164.00003433,71.9060137504863,1.74109968794526,400.000095367,-0.711286882876834,121.99991941425,6883.73676771855,496.999979019,572.000145912,1383.99982452,133.434226226969,1.26779544962782,463.999986649,11.4210713800097,191.2498474125,81543.9326673552,480.000019073,0.741756757909918,177.25014686575,18029.3506374129,471.999883652,10.5841396883841,173.9997863775,509901.842984509,463.999986649,106.747239589868,2.56385167518183,64682.1867377994,1
357.655265059883,0,0,0,0,0,0,0.025,0,0,0,0.025,601.999998093,1469.00010109,107.488485860444,1.43912818140045,531.999826431,1.32360406290829,230.4999232295,35188.7895529599,616.999864578,661.999940872,1169.99983788,83.7668377878801,1.72473634972793,503.999948502,1.32880866231495,124.24987554575,27472.0699894708,496.999979019,0.825686247050488,411.2500548345,67745.8126758663,654.99997139,0.0843033133572351,402.2499918925,167921.486199968,492.000102997,286.883162212861,1.67196690489375,214416.507292378,0
752.195764349884,0,0,0,0.05,0.55,0,0.35,0.1,0.1,0,0.15,502.00009346,1345.00002861,88.2146688928282,1.72651499065696,447.000026703,1.16202373756035,172.499895096,29084.8708303107,520.999908447,808.499932289,2785.99977493,628.622436764032,0.598516493339197,373.000144958,18.5217889136813,243.99983882925,268676.494231927,340.99984169,3.52552857211226,165.50016403275,120039.15725617,480.000019073,7.67250453458772,541.99993610475,927102.583440654,413.000106812,187.549092292479,1.45116447450428,80263.1680568341,1
482.527752347245,0,0.05,0,0,0,0,0.225,0.175,0.1,0,0.2,583.999872208,1022.00007439,58.562520432677,1.24673979229505,438.999891281,-0.673076102808702,121.99997901925,12468.1491204159,536.000013351,611.9999885555,1215.00015259,106.005993317809,1.63467445883531,440.00005722,4.0185922512833,173.249959946,75893.7904987815,447.999954224,3.52966208660025,175.9999990465,186747.167801871,735.999822617,5.05795762047849,270.249903201,302620.897786415,463.000059128,147.518965816095,2.12675380439811,67294.0373878642,0
484.245924892276,0,0.05,0,0.1,0.05,0,0.25,0.2,0.35,0,0.125,519.000053406,1646.00014687,106.747593068394,2.56848252564298,488.000154495,6.10891932537242,100.00002384125,21204.9387792075,615.999937057,712.0000123975,2750.99992752,219.42480282806,2.30210203191215,448.000192642,4.1538248582813,314.9996995925,109768.722917235,335.999965668,2.2061524042499,343.99986267075,392472.280973246,423.000097275,0.6481853782879,406.99988603725,248848.00967482,384.000062943,242.405027890043,1.40165051811365,75755.3188099246,1
378.753669538995,0,0,0,0,0,0,0.025,0,0.15,0,0,542.000055313,1321.00009918,91.921253729424,2.05897781944397,480.000019073,7.27963604636332,60.2499842644999,11503.8264961048,559.99994278,634.0000629425,1550.99987984,108.970978402337,1.42410153806832,465.99984169,3.55976634928235,94.499945641,16051.9583162355,470.999956131,1.49400403342995,248.000085354,110689.142672959,468.999862671,0.230204643739784,436.499834058,145488.506971622,478.999853134,160.121036124065,2.74330523013706,58020.1347317521,0
452.389209740839,0,0,0,0.05,0.3,0,0.225,0.075,0.05,0,0.05,438.999891281,1185.0001812,106.7468861106,2.22226054583337,432.000160217,7.86064152513359,151.249945164,53958.0422679621,580.000162125,759.500026703,2543.99991035,234.992034959821,1.61407166663487,192.999839783,-0.764784234899179,230.7498455045,41480.9788401002,439.999818802,0.99566332458764,157.249927521,14528.9351953919,444.000005722,1.57135387221427,268.24992895125,89777.7132275326,500.999927521,189.773007845694,2.45428204174191,96736.8723767655,1
478.861323613482,0,0,0,0,0.05,0,0,0.075,0.15,0,0.3,625.999927521,957.000017166,76.354198336185,0.670493347637976,480.000019073,2.58622671719977,242.74986982375,225984.939148719,438.000202179,581.5000534055,1694.99993324,120.090556169155,1.90537965959158,458.999872208,2.34638376606671,138.24987411525,49017.0590839338,388.000011444,2.34630820046503,225.7500886915,160384.162038909,638.000011444,-0.718930798486356,802.50000953525,312095.345550768,346.00019455,318.758872747701,1.34207662629691,171092.795117035,0
365.235307986523,0,0,0,0,0.15,0,0.125,0.175,0,0,0.025,506.999969482,1059.99994278,117.866817355203,1.15410224441753,446.000099182,-0.693232274642553,113.500237465,9222.72360389958,480.000019073,618.499994278,2113.0001545,262.420267868239,1.32531938705933,380.000114441,-0.634531078037023,662.74994611825,193861.516733406,448.000192642,1.43120277229168,378.2498836515,212257.743616103,388.000011444,1.18184905493092,256.5001845355,55849.285263401,442.999839783,240.181112336827,1.68313066331175,80980.2023964915,1
354.262465815719,0,0.1,0,0.1,0.1,0,0.125,0.075,0.1,0,0,562.00003624,1938.00020218,335.808774159877,0.819936068234724,467.000007629,0.631857836794698,260.75011491775,74025.2870891838,544.000148773,669.000029564,1698.00019264,123.797141003527,1.96898314379732,559.000015259,7.71492516392496,207.99994468675,129834.453669938,530.000209808,1.57476358033326,276.2499451635,126393.714639988,659.999847412,2.80320326642591,447.500169276,214304.374169298,633.999824524,263.161514139556,1.42497250603032,179257.649413129,0
286.491223361527,0,0,0,0.05,0,0,0.075,0.025,0.05,0,0.075,585.000038147,1226.99999809,134.175295758281,1.39211329834632,515.000104904,1.70997959923923,104.49975728975,12192.9620626822,579.999923706,646.0000276565,2097.00012207,149.742527890042,3.02345984277585,484.999895096,3.8963190314728,200.0002264975,39735.8200915157,510.999917984,1.71612496725784,125.24998188025,17462.7039942696,605.000019073,-1.00653050081128,266.99995994625,42890.0638391673,537.999868393,140.105796147351,3.60335362251296,175747.414139061,0
421.822774952204,0,0,0,0,0.2,0,0.1,0.025,0.05,0,0.025,589.999914169,1200.00004768,38.5476339344901,2.03805494338289,526.000022888,0.139358494905415,152.4999141695,37507.1971494228,680.000066757,904.0001630785,2076.99990273,327.654534956114,0.983125662478183,572.999954224,5.16813737089359,445.25003432925,374056.474132793,280.000209808,0.68235757552137,219.25002336525,38513.0204988681,572.999954224,0.739543657876854,429.49998378525,147949.221199022,476.000070572,182.360014915472,1.17930139760973,55194.4591552576,1
327.62978135558,0,0.05,0,0,0,0,0.075,0,0.3,0,0.075,664.999961853,1957.00001717,58.5626971726819,3.10281117942663,586.999893188,1.91975675957962,123.75009059925,40722.483591507,600.000143051,684.5000982285,1056.9999218,120.831979179736,0.583815730128544,507.999897003,13.5793960291275,119.49974298475,38037.0928155856,547.000169754,0.976397884433329,152.50009298375,18541.0818503976,625.999927521,-0.889829991283159,412.75006532525,81978.8741585235,509.000062943,165.309936761808,0.959519153975944,56237.3736083965,0
340.929049764598,0,0,0,0,0.25,0,0.175,0.075,0.1,0,0.175,626.999855042,1017.00019836,88.2146688935693,0.852834706084517,509.000062943,-0.259977138302074,116.249978542,4759.78197591888,625.999927521,685.000061989,1722.00012207,347.669421460231,0.730505498317117,508.999824524,15.2999705081321,246.50007486325,150341.198722774,470.999956131,1.43886010759959,254.50015068025,88112.1224916201,594.000101089,-0.541634645718038,420.25005817525,81396.7883837111,586.999893188,207.564155531412,1.36315318290995,63132.4025531759,1
873.652112318267,0,0,0,0,0,0,0,0,0.05,0,0,625,2488.0001545,243.146627640628,2.18546082788582,543.999910355,4.18834411072785,240.49985408775,51055.2925982536,614.999771118,758.9999437335,5460.00003815,264.644183422195,2.4886848412069,536.000013351,1.52991409170641,641.74991845875,620448.730870547,567.000150681,3.15638806788304,233.74986648575,381088.94649189,648.000001907,-1.21478414685355,757.50005245125,215842.974116942,545.000076294,329.137027502455,2.07868175182388,389429.185215995,0
870.243638562708,0,0,0,0,0,0,0,0,0,0,0.025,750.999927521,3464.99991417,335.067704627082,1.06377796165537,567.999839783,12.2041237911745,318.99988651625,8240897.44515828,785.000085831,904.0001630785,4280.00020981,284.658893185567,1.75706840467217,687.99996376,12.2533199942227,305.50003051875,1442738.83606835,599.999904633,4.98911386744921,168.4999465945,723760.152128874,710.999965668,8.65772531666083,405.750036241,578785.548867644,598.999977112,433.660705016893,1.65323043495953,599464.146935245,0
390.873453267092,0,0,0,0,0,0,0,0,0.1,0,0.05,651.999950409,1131.99996948,157.155697560269,0.51510311999752,552.000045776,2.50555339932125,141.24989509575,17824.1610385933,690.999984741,800.0000715255,1913.00010681,300.967725061983,1.19087057536599,480.999946594,10.1051911677131,163.99997472725,78471.8164220694,463.000059128,1.54722993324931,184.9998235705,56707.4269777365,561.000108719,2.01964883480362,239.4998669625,152226.547214697,526.999950409,277.246076991643,1.8833155712342,334725.527087973,0
290.001639759336,0,0.05,0,0.05,0,0,0.125,0.225,0.05,0,0.25,536.000013351,1583.00018311,242.405204629306,0.866463582731441,427.000045776,-0.366607067380142,164.499998093,23408.4054737652,542.999982834,624.000072479,2005.00011444,243.14627416136,2.33368938209401,421.999931335,-0.343241809496536,305.00012636125,57163.0185575818,540.999889374,1.68460567465347,323.250174522,109608.368616152,486.999988556,3.60560941909601,188.2499456405,53167.1996788859,457.000017166,202.374724674396,1.3582151165961,62841.9293418639,0
334.55909534595,0,0,0,0,0,0,0,0,0,0,0.025,601.000070572,1739.00008202,115.642725062724,2.20301077641747,577.000141144,6.81108140070215,97.2500443462501,15402.1583201679,477.999925613,639.000058174,1413.00010681,139.364549875293,1.09453354663763,519.000053406,15.9858997300407,126.74993276575,145870.757467116,511.999845505,0.759075036554735,172.2500920295,18251.896654459,644.000053406,1.69851538374473,343.00017356375,143765.629968242,533.999919891,190.514077377748,1.29090295902501,101078.818281081,0
191.866765144719,0,0.05,0,0,0.05,0,0.1,0.1,0.1,0,0.075,462.999820709,977.999925613,86.7319996116714,0.945414586748683,426.999807358,-0.850324981186869,100.25006532725,4491.99380962846,483.999967575,579.499959946,883.999824524,106.005816578546,0.51257526379643,414.000034332,5.30889970236408,127.2501349455,14787.6408870537,430.999994278,0.566473732871857,167.000055313,14812.0645159101,519.999980927,2.5783231657068,113.750040531,13154.8267943886,430.000066757,143.070957970401,0.743421429977132,21527.8338884327,0
899.00780034735,0,0,0,0.05,0.45,0.05,0.25,0.05,0.2,0,0.15,547.999858856,1733.00004005,103.781901026072,1.56701916716493,456.000089645,1.46777252011834,337.25017309175,99820.2446297922,266.999959946,423.9999055865,5199.99980927,202.374901413659,2.71021712399086,450.999975204,15.2240966278719,257.24995136325,171398.848771291,480.999946594,5.26596996914628,126.7498731615,190140.904671647,429.000139236,0.913284642007713,612.750113009,356757.627062775,225.000143051,156.414097810425,4.35359518195251,189607.03972981,1
211.034460963863,0,0,0,0,0,0,0,0.075,0.05,0,0.05,623.999834061,1332.99994469,94.8864155539564,1.58826981254629,592.000007629,5.22815298924757,35.7498526572501,19620.8765074934,592.000007629,676.499962807,1503.00002098,149.00145835873,2.09886452374598,504.00018692,2.82293177755859,135.249972344,48661.6760711233,519.999980927,2.90955292928353,287.9999876025,228745.28410807,552.000045776,1.04566318455731,213.750183582,33943.6222936638,471.999883652,177.912007069778,1.73719275380081,253053.745523981,0
619.109408476806,0,0,0,0,0,0,0.05,0.025,0.05,0,0.05,706.000089645,2207.00001717,116.3839713333,1.91390425485522,600.999832153,-1.02962726509175,191.500067711,17460.7857121182,656.999826431,755.499839783,2129.00018692,296.520070696298,0.84869438620798,536.000013351,3.9176226832187,342.250168324,196769.217535111,495.99981308,2.94280448927055,250.25004148425,160884.539755297,767.999887466,-0.743325126796435,983.75016450525,475049.186511998,503.999948502,338.032689714575,0.925136804082203,273375.310801631,0
700.982764613311,0,0.25,0,0.05,0,0,0.05,0.05,0.15,0,0,471.999883652,2992.000103,207.563802051402,1.94269251154468,511.999845505,1.03842772045637,203.9999961855,46425.3979309638,664.000034332,925.0000715245,3463.99998665,1001.49599883798,0.497213514223041,440.00005722,4.18650560053338,654.000043868,463462.977877101,423.999786377,2.18181444862501,179.750204086,38386.4880881855,455.999851227,-1.25465728216943,571.7497468015,175501.659281228,552.000045776,184.583753728683,1.96316801678922,127900.279772842,1
334.670204118564,0,0,0,0,0,0,0.05,0.025,0,0,0.075,578.000068665,1405.00020981,71.9060137504863,2.24573151959383,524.000167847,2.52092867520861,113.99990320225,7975.94649219888,599.999904633,665.5000448225,1072.0000267,154.190358997214,0.630030048937514,538.000106812,29.3064772620709,207.49992132175,518548.736810797,509.999990463,2.8693869158941,162.500023842,53707.785694113,546.000003815,2.31467853842341,296.49996757575,189006.65747637,560.9998703,114.16023252009,1.86207903475874,68286.7180314331,0
410.504680315255,0,0,0,0,0,0,0.05,0.025,0.05,0,0.1,673.000097275,1372.99990654,164.568337011964,1.03102029693076,550.999879837,2.91257607734146,122.250139713,22148.4075015529,687.99996376,755.500078201,1928.99990082,261.678668117653,1.10643526223501,496.000051498,2.51564264843352,245.4999089245,128248.696940215,449.000120163,2.86622294817693,186.00004911425,149122.672054742,544.000148773,5.29657730357987,305.49997091225,200261.086221163,463.999986649,160.862105656119,2.71359525598906,213890.024906961,0
433.543048644062,0,0,0,0,0,0,0,0.05,0,0,0.025,536.999940872,880.000114441,65.2344438315864,0.997524988042173,503.000020981,-0.862526649946042,132.5000524525,13344.5695566916,792.000055313,1259.999990465,2128.9999485,285.400492920585,0.169644655714742,975.999832153,3.1981551239188,351.7498970025,117768.167207638,471.999883652,2.58105878051622,284.7499847415,550859.276090793,575.999975204,-1.01474366300867,564.25011158225,178274.810250004,463.999986649,154.190535735737,3.05746452585897,223222.887961578,1
254.294179157207,0,0,0,0.05,0,0,0.05,0.05,0.1,0,0.125,559.99994278,950.999975204,113.418986248772,0.538673236257614,463.999986649,8.44446398528774,163.250029087,115993.921933753,521.000146866,594.999909401,983.999967575,225.355303216388,0.119092696017331,424.000024796,0.222010675479276,205.9998512275,29196.9116038986,447.000026703,1.7940973076807,123.99989366525,23927.7408278821,519.999980927,-1.01609997826882,400.999963283,71175.8253759566,391.999959946,172.72292969203,1.31989376810449,67596.6974993798,0
432.859944032578,0,0.15,0.05,0.15,0.45,0,0.2,0.15,0,0,0.125,78.0000686646,904.99997139,70.4238746878611,-0.714316367661326,351.999998093,1.64479914029025,96.2500572205,15196.4887055245,463.999986649,735.499858856,1679.99982834,201.633655143083,1.1264395714217,377.00009346,-0.413885366761851,141.9999599455,14120.5907775391,383.999824524,1.05031842206167,144.000053406,15168.8999901068,512.000083923,-1.00758210168416,72.2498297697499,3229.18218459176,512.000083923,88.9560919048913,0.833614898033383,10353.984274619,1
271.157725998816,0,0,0,0,0,0,0.075,0.05,0.1,0,0.1,559.99994278,1273.00000191,125.279810285425,1.40086394040019,480.000019073,-0.679494969832029,76.9999027257498,7853.1104640308,575.999975204,644.000053406,1544.00014877,284.658893179636,0.81032486565645,463.999986649,4.65251720421845,324.0001201635,110209.397768937,463.999986649,2.2125883219324,420.750021934,249928.970210948,544.000148773,-0.795209493204764,217.99999475425,42155.6180801277,417.000055313,207.563978791407,1.03816755742262,68767.0910716243,0
262.877836428873,0,0.1,0,0.05,0.1,0,0.175,0.1,0.1,0,0.225,457.000017166,856.999874115,61.5280357357364,1.04003788170044,447.999954224,1.17023556978053,97.999930382,16372.7622974181,416.000127792,531.999945641,935.9998703,88.9559151648868,0.988766136860619,447.000026703,0.732831331460139,163.24996948225,22226.3589838598,424.000024796,2.76540265024908,132.000029087,22877.7475400753,559.99994278,0.398587781068118,242.74992942775,82753.6375231585,384.000062943,177.911830329773,1.351257832298,49347.5881817239,0
325.530035588239,0,0,0,0,0,0,0,0.075,0.2,0.05,0.25,400.000095367,656.000137329,88.9559151648867,-0.190554343281775,360.000133514,2.54189326933971,89.24990892375,18766.9105724969,687.99996376,787.999987602,1895.99990845,160.120859384802,1.87982910472328,687.99996376,0.092200036083304,223.99979829775,37534.7746169054,367.999792099,1.57704690130808,128.5000443465,27429.0232714339,288.000106812,-0.122312305589283,355.2500605585,74656.194937467,232.000112534,160.861752176851,1.18317721794926,43250.288200896,1
314.828481997277,0,0,0,0.05,0.1,0,0.175,0.025,0.1,0,0.15,516.999959946,1762.00008392,134.916542029599,1.95567916434213,508.999824524,0.02323237096053,374.75001812,66498.738126503,587.000131607,633.000135422,1593.99986267,126.020879817479,0.981607726642872,402.99987793,2.94461619562788,403.25003862325,161834.256588407,499.000072479,1.04152322360727,147.50003814675,20428.1986954713,489.000082016,0.100391117869329,320.9998607635,47560.9690782022,444.000005722,199.409739589868,1.74927859707121,94922.1243540835,0
529.51713642181,0,0.1,0,0.15,0.2,0,0.25,0.15,0.05,0,0.025,473.000049591,1005.00011444,112.677563238192,0.856076048469413,468.999862671,6.20967680937169,135.74993610425,36288.1402330516,486.999988556,512.9998922345,1202.00014114,189.031584835113,0.908163944022023,424.000024796,10.6039625021647,148.00000190725,46662.5109229425,375.999927521,1.63286275228579,225.75002908725,38208.604303782,488.000154495,-1.22150938267361,862.74993419875,324271.839205997,406.999826431,479.621155149755,0.0280093419355728,184131.041731736,1
482.831468274043,0,0,0,0,0,0,0,0,0,0,0.025,732.000112534,1231.99987411,29.6519717223702,2.82227855812842,691.999912262,-0.549145164960032,40.4999852175,2332.42888294659,757.000207901,865.5000925065,2889.99986649,337.291620182521,1.73799771621623,708.000183105,7.17800469730684,85.7502222064999,26236.7343321614,612.999916077,1.4417130896272,187.749922276,31180.4838083182,677.000045776,-1.19272182227001,731.75001144125,206521.588457537,629.00018692,248.335528276147,0.611627173382691,79245.0887925386,0
411.567249159777,0,0,0,0.05,0,0,0.025,0.025,0.1,0,0.075,572.999954224,1220.00002861,110.453824424981,1.071986853336,509.000062943,1.62671160726382,115.99999666225,17625.1558649413,1138.99993896,1348.99997711,1805.00006676,200.892232133985,0.161862907994431,1061.00010872,7.16133618688484,87.9998207025001,33302.1372892957,485.000133514,2.42825373296739,157.99999237,59055.407942896,613.000154495,0.904815189785896,542.4999594705,277670.306092102,676.000118256,282.435507847918,1.45842106542775,204795.865208322,1
408.903778004654,0,0.1,0,0.2,0.15,0,0.225,0.35,0.25,0,0.45,434.000015259,1090.99984169,92.6626767400047,0.775094411823584,351.999998093,4.77792069972069,323.50003719375,128232.709459974,575.000047684,624.4999170305,2188.00020218,351.376183030902,1.64122687134431,75.0000476837,1.99476496823812,194.49990987775,103804.189220819,401.999950409,1.04049214691586,215.7500982285,42024.9055520366,401.000022888,2.33830167701905,206.99983835225,57551.6079430233,428.999900818,159.37943637348,1.73310352565735,71008.1037858073,0
450.007503347613,0,0.15,0,0.3,0.45,0,0.2,0.275,0.55,0,0.2,530.999898911,1077.00014114,132.692979956393,0.767053097645211,412.000179291,3.31899767726711,143.499910831,47353.9419191871,328.999996185,466.4999246595,959.000110626,138.623126864712,0.338543228347996,367.000102997,3.41747551460399,228.00004482325,75544.9295403216,396.999835968,2.35054550453965,187.5,53010.845988563,628.999948502,1.50628748334228,344.749867919,181023.10422165,407.999992371,168.275098586341,2.10295444212199,85359.4002660848,1
324.404935034029,0,0.05,0,0.1,0.05,0,0.075,0.025,0.1,0,0.075,671.999931335,1015.0001049,94.145169281898,0.309919084659689,615.999937057,1.73539130633558,115.750133992,18160.7853987464,608.000040054,711.499929428,1111.99998856,65.9755133628989,0.955433724336466,543.999910355,1.95872400633137,117.9998517035,26251.1041622746,575.999975204,0.890070829514006,244.50016021725,38556.0354298929,656.000137329,1.52186215848808,195.499777793,115713.110950179,550.999879837,230.544380593395,3.11749601595884,179177.484672536,0
615.170236503419,0,0.2,0,0.05,0.35,0.05,0.175,0.125,0.15,0,0.075,710.999965668,4752.00009346,260.937775324863,2.21112612760993,519.999980927,8.4646245246865,116.999983787,53700.255516254,272.000074387,803.9999008175,2127.99978256,278.728923011322,0.756634531558696,512.000083923,7.31481401300525,241.99998378775,106400.909073986,496.000051498,2.08223728263841,153.9999842645,37225.8698923979,518.999814987,-0.575596334330191,750.4999041535,639838.723510548,598.999977112,361.75433778788,1.25411823162459,158077.683574606,1
359.63696893634,0,0.05,0,0.05,0.05,0,0.05,0.05,0,0,0.05,743.999958038,4042.00005531,189.773007844212,2.13348120509771,592.000007629,0.860656404719487,519.7497010205,197958.436647847,529.99997139,763.0001306535,1565.00005722,237.957373523616,0.556325374371455,631.999969482,4.62446032521408,305.99993467175,173154.674099028,648.000001907,0.996197007064984,300.500094894,72316.829510824,600.999832153,1.96085622447823,404.99979257625,173722.113291078,495.000123978,255.748521206369,3.27153219791808,228236.903535344,0
255.889108604278,0,0,0,0,0,0,0.025,0,0.05,0,0.1,559.000015259,1661.00001335,249.076951289693,1.21216788300125,559.99994278,1.69603273016472,179.24988269775,66062.3085139805,512.000083923,663.999915123,1103.99985313,83.7668377878801,0.785174942623261,431.999921799,0.000392595356707659,111.2502217285,7874.62658294215,480.999946594,2.71100918707859,147.00007438675,39851.5143289923,576.999902725,-0.73194242869653,234.4999313375,66140.5664819686,542.999982834,262.420091123787,0.370329365984655,48490.1145722458,0
318.662198960462,0,0.05,0,0.05,0,0,0,0.025,0.1,0,0.075,416.000127792,1856.99987411,296.51989395407,1.09472693302798,560.000181198,2.06299926001775,147.749781609,29622.8173673087,543.999910355,760.0001096725,1568.0000782,248.335351539108,0.609768622919424,528.000116348,5.37111218419735,143.24986934625,29115.1259654281,544.000148773,1.2881254208641,109.75015163375,10850.3328614241,447.999954224,-0.268128237368104,332.50010013525,108266.287662941,542.999982834,142.329711699084,4.67153758888793,175596.235907356,1
498.851548174696,0,0,0,0,0.05,0,0,0.075,0,0,0.025,700.000047684,4741.00017548,55.5975353481492,3.50862852958558,618.000030518,7.97430216676883,75.7499337199999,42663.5092928004,673.000097275,780.5000543595,2159.99984741,65.2344438315864,2.45312343988046,634.000062943,11.1278736799579,134.74988937375,153580.639872879,679.999828339,1.83159343887172,305.249989035,155156.237107653,585.999965668,-1.02670354329173,901.24988556025,314832.939586056,576.999902725,123.797141004268,2.99882240466492,205291.105761987,0
506.095012462762,0,0,0,0.05,0,0,0.075,0.1,0.05,0,0.075,656.000137329,1424.99995232,119.349309898579,2.3042384114532,528.000116348,0.456127363728331,215.25001525875,77752.6959574085,560.000181198,695.4998970035,2608.99996758,160.862105654637,1.63924090348575,519.999980927,15.2461237535012,142.2501206395,121232.549460289,511.999845505,2.25615973380894,371.00005149675,262935.77873042,519.999980927,2.10638369826316,244.50004100725,244905.211084658,473.000049591,177.170760798461,1.79370784539503,224833.187710281,0
747.697727046422,0,0,0,0.15,0,0,0.125,0.05,0.05,0,0,606.999874115,911.999940872,42.2542187688622,1.21227527950293,503.999948502,1.36395937546817,87.9999399182501,10804.3107576464,496.000051498,695.5000162125,3655.00020981,450.710429694996,1.72282839295582,135.999917984,2.91961644913914,290.00002145775,487704.747859525,527.99987793,3.21949924865185,185.999929905,214428.05757717,496.000051498,10.3631117368337,189.999759197,488693.171857891,552.000045776,123.797141003527,1.80962980292195,364862.074088126,1
429.224023249604,0,0.05,0,0.1,0,0,0.05,0.025,0.05,0,0,599.999904633,2224.99990463,106.747239589868,2.2660222628155,431.999921799,-0.306103740565761,154.0000438685,23605.1580857223,671.000003815,744.0000772475,1480.00001907,112.677563238192,1.86808780926588,480.999946594,9.45651585237236,282.0000052455,116822.602105394,592.000007629,1.18618139002295,219.9999690055,38082.0898829713,743.999958038,-0.88761631372093,494.00001764575,168618.341035594,671.999931335,355.823837397328,0.544048077016013,106294.505216287,0
468.621779669439,1,0.4,0.1,0.45,0.4,0.15,0.5,0.075,0,0,0.05,207.999944687,2357.99980164,315.793710922427,1.35174071124895,151.999950409,2.48029133374283,197.999894619,135064.070600737,200.000047684,308.000087738,1447.99995422,59.3037667039944,2.33098611543866,167.999982834,0.142685315223848,297.24997282,58324.3375319014,544.000148773,5.5700331377127,148.0000019075,590450.180133,568.000078201,0.635020618117324,375.24980306675,244605.332482548,463.999986649,166.051183033126,2.46143121194721,117665.281333982,1
475.13340433484,0,0,0,0.05,0,0,0.05,0.025,0,0,0.05,546.999931335,1197.0000267,160.862105656119,0.51973271745324,552.000045776,-0.740505024373434,104.50011491775,6683.94425213316,654.000043869,723.999977112,1877.00009346,212.011809900061,1.81920784666826,541.000127792,17.5036321510079,215.74991941425,143849.627426513,519.999980927,3.19816648980985,206.7499160765,256683.920419703,759.000062943,5.04880155141102,497.2496628755,329932.156551763,567.999839783,204.599170446142,1.76823188342591,129602.402071196,0
327.852374533186,0,0,0,0,0,0,0.025,0.025,0,0,0.05,564.0001297,1838.99998665,200.15080912118,1.49120026894668,547.999858856,1.11527800012983,140.2501463895,29650.6858296035,693.000078201,848.5000133515,2078.99999619,312.828549097153,0.966952677125654,529.000043869,9.43544726889412,212.9999399185,106890.901409996,538.000106812,2.28462059581575,211.0000848775,99751.4360027128,589.000225067,-1.20844960544994,458.750009538,76667.5225605679,521.000146866,181.618415165628,1.36155203965047,121096.189349339,1
1255.93991729378,1,0,0,0.05,0,0,0.075,0.45,0.4,0.7,0.45,744.999885559,10284.0001583,376.580323651289,2.57780936606424,586.000204086,1.12121058524653,756.50006532225,557169.971669236,707.999944687,900.999903679,7699.99980927,653.085154365685,2.98362572707949,483.999967575,6.79946243357243,483.24984311675,484473.052790581,16.9999599457,2.17040984482168,440.000057220725,646435.963039285,21.999835968,9.96566862299114,258.000135422,207514.219885344,0,52.6323735237648,3.8897489733428,7769.73832357536,0
390.653163675727,0,0,0,0.05,0.05,0,0.025,0.025,0.15,0,0.025,511.999845505,1478.99985313,136.399034571492,1.50307698542497,416.000127792,-1.03732468818131,184.499919415,17768.8543333575,463.999986649,591.9998884205,2223.99997711,284.659246658905,2.38304030848431,393.000125885,6.16850037140627,236.50002479525,73889.4239336689,417.000055313,2.37740018346549,271.250128746,138121.831999047,384.999990463,0.905578765354802,259.50008630775,114351.466278151,503.000020981,171.981683421454,2.54661805648001,118691.64159898,0
1021.12236152542,0,0,0,0,0,0,0.05,0,0.05,0,0.05,463.999986649,978.000164032,98.5926469090604,1.00981285788124,416.000127792,9.88793223171032,122.99984693575,105853.752006876,463.999986649,608.000040054,6975.00014305,349.893337011223,3.51555155326937,510.999917984,30.5509549237313,128.24988365175,369788.388587887,480.000019073,2.66374061872352,138.000071049,132439.147688456,567.000150681,0.159969830223212,396.49993181475,114548.685351095,488.000154495,118.607886886516,2.85668726931187,122281.164368047,1
368.662452579308,0,0.05,0,0.1,0.15,0,0.075,0.1,0.05,0,0,463.999986649,799.000024796,88.9560919041501,0.348838723226772,375,0.0597866366424875,169.24995184,14555.2492601266,407.999992371,583.9999914165,1576.00021362,272.798422622993,0.943129443466829,375.999927521,5.88040682914583,173.99996519025,43620.8628685898,391.999959946,1.02823889425854,173.25007915475,24239.3368240607,407.999992371,3.04503861779726,172.00016975375,55591.4984564574,391.999959946,123.796964264263,1.78799615866742,23503.9076712095,0
384.218859744168,0,0,0,0.05,0.1,0,0.2,0.175,0,0,0.075,527.99987793,1944.00000572,581.179140615198,0.340416588737848,384.000062943,-1.36772885278532,591.25000238375,154902.168242464,519.999980927,611.5000247955,1248.99983406,190.514077377007,0.862456350286157,368.000030518,3.23380524016626,210.0000381465,55873.800490761,400.000095367,1.39050233918581,461.00002527325,161721.734002374,417.000055313,-1.29891385184377,676.75000429175,189773.695497915,351.999998093,604.900788690727,0.958758767804415,307588.505853991,1
606.760711254532,0,0,0,0,0.05,0,0.025,0.025,0.05,0,0.025,570.999860764,1236.99998856,126.020879817479,1.19931581966965,469.000101089,1.03995240652104,317.249953747,108467.989261325,526.999950409,707.4999809265,1621.99997902,272.056999610189,0.602382770827025,545.000076294,9.74375206472474,340.00003337575,117297.99264244,552.999973297,1.00182645220884,515.500068662,159559.064933806,588.999986649,0.00867433966731257,892.000079155,551880.91998946,453.000068665,261.678844857658,0.774281635512877,93687.3979509608,0
476.028502001484,0,0,0,0,0,0,0,0,0,0,0.05,590.99984169,2145.99990845,241.663604878721,1.42223730489221,547.999858856,-1.34405912072149,196.000158787,12278.2030923724,815.00005722,1254.500031475,2398.00000191,267.609345248952,0.595246492477018,972.00012207,2.46672112908074,535.49987077,270760.626331713,598.000049591,1.48966654762535,536.250114443,195924.742521428,810.9998703,3.94671799125718,478.00004482275,304350.032620912,532.999992371,422.541127252299,1.5009821317219,408684.994465211,1
