0,0,0.05,0,0.05,0,0.025,0,0.125,0.05,0.125,0,633.000135422,138.622950124707,0.467126834419702,17805.689459347,617.000102997,3.89657905727928,84.0002298355001,31850.6888800096,580.000162125,933.000087738,71.9061904912323,1.01356150784794,526.000022888,4.61716641175118,214.000105858,46493.5477556467,473.000049591,149.742704630047,1.16135640159423,72733.7052244308,832.000017166,5.33653505354298,216.00008010625,100519.434588423,545.000076294,180.135922622993,2.74382863535073,0
0.05,0,0.2,0.1,0.1,0,0.175,0,0.175,0.05,0.15,0,487.999916077,91.9214304686874,1.23859898011858,12197.6421057811,273.000001907,0.513065140172789,132.2502493855,13220.4648746326,401.000022888,2482.00011253,168.274921846336,3.2169117904482,313.000202179,2.84609445610557,162.250041961,19438.3316574261,175.999879837,115.642725061983,1.94875842582811,44515.6108783546,503.999948502,0.31468587867297,427.99985408425,119567.117137686,326.999902725,189.772831106431,1.82460269952478,0
0.05,0,0.05,0,0,0,0.05,0,0.1,0.1,0.125,0,471.999883652,80.801499224084,1.80406571821723,20508.8879669915,447.999954224,3.00107624470497,124.00007247875,33789.7842237244,878.999948502,1407.99999237,157.155520821747,-0.140480557172892,335.999965668,0.292911724828163,417.74976253625,123090.841509768,350.999832153,142.329711699084,1.47639151131833,91883.5344539788,503.999948502,3.01704945392305,294.00002956375,260839.161745538,416.000127792,323.948303604717,0.826805291944428,1
0,0,0.05,0,0,0,0.05,0,0.05,0.05,0.075,0,648.000001907,71.1647674799103,0.949669724450664,9305.62837850331,584.000110626,6.03556667502831,101.00007057225,21133.2135016175,625,1528.00011635,124.538387274844,1.65181709849916,480.000019073,6.04535499309612,191.00004434575,89178.4777227965,496.000051498,100.816739201539,2.92292987967973,138033.021457304,648.000001907,1.9467235076585,266.00003242225,151858.823752197,407.00006485,201.633655143083,2.64381750251191,0
0,0,0.05,0,0,0.05,0.075,0,0.075,0.1,0.1,0,522.000074387,187.548915553215,0.714409532885364,54688.115616015,425.999879837,-0.769437222883596,211.2498879435,18028.1659741018,67.9998397827,1790.00020027,206.822555780085,0.778583096127363,369.000196457,5.75718436323253,251.00028514875,86696.460490536,598.000049591,123.797141003527,2.51259815969119,191647.497836398,519.000053406,5.18589245778207,382.49993324625,645252.122388734,528.000116348,287.624585222701,2.4777479135878,1
0.05,0,0,0,0,0,0.075,0,0.075,0.1,0.125,0,440.00005722,124.538387274844,0.548887961678222,31185.9257158957,495.000123978,-1.01396296494671,150.49993991925,11468.4033139783,552.000045776,2455.99985123,356.56543715162,1.37587248462651,470.999956131,2.60797121027383,355.7500839235,197648.083014344,534.999847412,473.690654752531,1.22375745446072,252211.378552885,518.999814987,5.42371082659676,563.4997487045,609856.371152714,496.000051498,256.490120959178,1.24150733286282,1
0.05,0,0.1,0,0,0,0.1,0,0.05,0.15,0.2,0.025,621.000051498,46.7018731360293,2.21471928162673,17408.3773939193,485.999822617,2.62176261012127,105.4998636245,31560.8368901036,607.000112534,1006.99996948,114.901478791407,0.341166213969254,492.000102997,1.2255857804643,204.49984073625,26531.1665350919,522.000074387,141.588288688503,2.30454279299201,31724.5054619764,605.999946594,0.0265051016386693,220.24995088575,34701.9552165071,253.999948502,81.5430989746694,0.00156406667973732,0
0.05,0,0,0,0.35,0.05,0.45,0.025,0.15,0.1,0.175,0,513.000011444,60.0451897145751,1.02944553428157,9429.42097037448,541.000127792,4.58675810961708,59.24987793,7193.94147617859,253.000020981,1993.00003052,201.633478402337,0.399103108628973,282.999992371,-0.0399374944098598,215.25001525875,35244.4099381304,480.000019073,127.503549099377,0.635268835976627,18001.5428045919,575.000047684,-0.433270133506142,208.49978923775,30397.0925035846,500,110.453470945713,0.595402438047698,1
0,0,0,0,0,0,0,0,0,0.1,0.075,0,633.000135422,101.55816221212,1.23574506270937,21216.7842017678,562.99996376,-0.101848918672812,42.7500605587499,1390.93297362988,582.999944687,1975.00014305,67.4583593848018,1.94311377747653,601.999998093,3.86527701867179,143.5000300405,23372.435306606,564.0001297,169.757944608244,1.25920858939248,31482.6769194715,591.000080109,2.20338200384618,380.50001859925,281253.921780118,578.999996185,182.359661436204,2.50560925526214,0
0,0,0,0,0.5,0,0.025,0,0,0,0.05,0,596.999883652,161.603351926695,2.3791282648095,210473.044113863,543.999910355,-0.3323894187298,93.4999585149998,6074.86966842611,646.000146866,1703.99999619,220.16622583864,1.07361758932177,559.000015259,6.53518652501168,374.7503757495,190605.494948324,550.999879837,111.93614022687,4.01393692678736,75723.3039223554,625.999927521,2.59501191017467,167.4998402595,67409.2968944452,598.000049591,173.464175963348,3.92545245904201,1
0,0,0,0,0.15,0,0.05,0,0.075,0.05,0.075,0,595.999956131,91.179830718102,1.7588427986834,60719.7559200472,440.00005722,-1.06211451633873,153.249979019,9368.99519432676,399.999856949,1569.99993324,174.205598974669,1.94040134553494,449.999809265,9.09999290773438,186.74975633625,72856.1909548724,509.999990463,171.240260410132,1.61821302379949,57625.3481006163,432.999849319,0.21110503914834,341.50004386925,79659.796451937,439.0001297,156.414451288952,2.35812710297763,0
0.15,0,0,0,0.5,0,0.325,0,0.05,0.6,0.275,0,419.999837875,80.8016759633475,1.85313523736288,35036.2233221343,345.999956131,1.34604648926801,130.74994087175,14256.6716526829,588.999986649,3058.99977684,518.168612334603,1.3437118481887,348.999977112,4.27095730477765,523.7498283415,317369.44871223,360.000133514,176.429514527885,1.62269006073828,54333.7395915422,380.000114441,-1.02186797000585,537.2500419595,121634.736275458,311.000108719,288.365831494759,1.01187390930083,1
0,0,0.1,0,0.25,0.05,0.2,0,0.1,0.3,0.075,0,479.999780655,106.747239589127,0.449761044987957,11448.1430841574,431.999921799,0.177748794299375,132.749974728,11509.7147050408,207.000017166,927.000045776,142.329181480552,-0.131386101234714,335.000038147,-1.13565613137673,172.00005054425,12631.6793697151,304.000139236,154.190535735737,2.05605218680452,38635.0746953266,512.000083923,-0.630744765280912,508.500039575,102790.342447509,320.000171661,178.653606820364,0.884225937536851,0
0,0,0.05,0,0.15,0,0.15,0,0.05,0.2,0.175,0,368.000030518,71.1647674799103,0.314817163141458,10543.6240352416,319.999933243,0.460657217489772,136.7498636245,14958.9613721009,335.999965668,736.000061035,129.727464652592,-0.25172767604855,335.999965668,0.820632941922889,104.4998764995,15370.7652604967,399.999856949,96.3692615751179,1.23970058382284,29543.7611580712,351.999998093,1.39086663767355,235.999941826,82027.1156315353,319.999933243,178.653606819622,0.717367536712,1
0.05,0.05,0.05,0,0.05,0,0.05,0,0.1,0.05,0.05,0,263.000011444,122.314471721629,0.497013458107759,39142.0322399245,407.999992371,-0.791213818114523,97.9999899862502,5376.47185185667,436.000108719,1178.99990082,169.757767868239,0.822082388159631,395.999908447,1.92163186618632,117.999970913,18797.3181862779,417.999982834,99.3342466589047,2.02348555941266,35103.3620359136,465.000152588,-1.09888996682622,289.499878883,38016.8681503921,402.99987793,200.892408871766,1.21426933861789,0
0.05,0,0.05,0,0.2,0.05,0.15,0,0.025,0.1,0.075,0,383.999824524,71.9060137512277,1.20237391788548,9659.47804803777,388.999938965,-1.03781253374213,79.7500014309999,3524.40596280567,271.000146866,993.999958038,98.5928236490653,0.648020607849668,401.999950409,0.181918627745315,161.000192165,30086.7912649561,419.000148773,109.712578152922,1.64892830597059,14705.7959366966,453.000068665,1.91853990292495,215.7498002055,60492.6300916399,387.000083923,160.120859385543,0.451281235328925,1
0.1,0,0.2,0,0.15,0,0.2,0,0.05,0.15,0.175,0,655.999898911,152.707689714575,0.32163484258766,19692.3748706896,592.000007629,0.455775717388088,210.00003814725,34486.0573315301,638.999938965,1623.99983406,134.916542029599,1.69327710653799,552.000045776,2.35141289873803,266.7500972745,69283.1744401108,608.000040054,171.981683421454,0.996597711786975,46297.2805581427,527.99987793,1.41193084062658,346.2498784095,92870.8572962867,536.000013351,293.554732134726,2.47146572736878,0
0,0,0,0,0,0,0,0,0.05,0,0.1,0,640.000104904,365.460745878541,0.694760412611101,274755.146271232,585.000038147,-0.845860889333714,1003.9999485015,355550.249659236,552.999973297,2471.99988365,773.175887277068,0.0671510023813758,776.000022888,-1.13471728785314,836.000025269,289996.291465949,535.000085831,160.120859384802,2.19618858859881,116719.179486425,928.000211716,-0.516134280899168,729.99995947,388506.36617693,590.99984169,611.572358612592,0.699226383351087,1
0,0,0,0,0.05,0,0,0,0.075,0.1,0.025,0,792.000055313,407.715141395562,1.29303189374401,429258.197058268,727.999925613,2.92725406602164,156.0001373295,105732.466275959,824.000120163,2351.99999809,403.267310285425,0.551593253570923,710.999965668,0.920930722977366,285.74997186725,55840.140944787,865.000009537,421.058281236327,3.76831754628404,1881803.61066561,1128.00002098,1.16848220751879,431.999921795,238023.234214509,759.999990463,332.102542807739,1.08785117758022,0
0,0,0.1,0,0,0,0.025,0,0.025,0.15,0.2,0,680.999994278,165.309936761808,0.352667103714409,18656.2467141242,625,1.5493271263774,162.250041962,24691.4339098679,488.999843597,1168.99991035,115.642901802729,0.959237244033093,497.000217438,3.13942825776858,185.000002384,46297.1977171988,518.999814987,130.468710923909,2.80923725852401,62921.3677463759,528.000116348,0.641793406507665,319.999933243,60558.4143918019,401.000022888,185.324823260737,2.31327694894179,0
0,0,0,0,0.05,0,0,0,0.075,0.15,0.075,0,513.000011444,88.2148456328329,1.40882745912021,57774.6178651151,471.999883652,3.20679767421999,139.99998569525,40588.168861147,519.999980927,2151.00002289,236.474880981723,1.93324946035963,401.000022888,1.58316595805382,162.0001196865,58059.482670112,447.999954224,142.329711699084,2.41304667736451,114540.412940805,504.00018692,-1.01642281743822,1099.9999046355,583540.970178316,470.999956131,415.869380591171,2.40477091009197,0
0,0,0.05,0,0,0,0.025,0,0.1,0.05,0.025,0,414.999961853,141.588465428508,1.47270071988638,53582.9866627027,351.999998093,2.76160532173864,105.99994659425,29120.9974192987,608.000040054,3699.99980927,611.572712093343,0.447410684393633,1263.99993896,3.8472925715094,525.249958035,332248.799568581,447.000026703,183.842507457365,2.12256652396376,283295.378354467,528.000116348,1.88950027453694,832.4999809225,1104305.86447417,487.999916077,101.55816221212,2.44448620997631,1
0,0,0.05,0,0.05,0,0.075,0,0,0.15,0.15,0,733.000040054,154.190358997214,0.141070880846765,21247.7457274787,608.999967575,0.113005087866242,212.24999427775,40913.092691464,657.999992371,1815.99998474,242.40520463153,0.822099046727069,430.000066757,2.46612996994725,146.2500691415,40460.9608625924,582.000017166,122.314471721629,1.06870872092045,39608.9111153193,529.000043869,-1.09620753020013,798.75004291425,372569.029409588,388.999938965,415.869380592653,0.964267761092228,0
0.15,0,0,0,0.05,0,0.175,0,0.025,0.05,0.025,0,405.999898911,120.090556169155,3.48405478415993,352325.537189969,425.999879837,1.37703529499738,131.000101566,26411.9927802584,507.999897003,4052.9999733,169.757591128234,1.74104631822519,461.000204086,0.423972894001673,213.99986743925,35788.1158051686,506.999969482,115.642725061983,4.08469778518094,133275.915684377,575.999975204,0.674551533407956,654.74987029725,326774.915453318,548.000097275,345.44585938925,3.22816225896176,1
0.2,0,0.1,0,0.05,0,0.05,0,0.05,0.1,0.125,0,584.000110626,213.494125699726,2.04828274971172,199433.41248423,664.000034332,0.608651830218728,315.999984739,75266.010528327,552.000045776,1743.99995804,183.101261186789,1.65379467218944,488.000154495,12.1024147981932,212.99993991875,155146.440338239,463.999986649,296.519893956294,1.81635481807296,182247.139377007,456.000089645,-1.04722983528866,529.249846933,134907.408021126,503.999948502,309.121964263522,2.22252720636498,0
0,0,0,0,0,0,0.025,0,0,0,0,0,733.999967575,67.4581826440556,-1.04505586731098,13052.6824913943,904.99997139,5.96105615953548,65.7498836545001,9615.92776699553,838.999986649,1608.99996758,77.8363373965863,2.11433997553176,701.999902725,4.06781900470899,141.499876976,47634.746997225,650.99978447,143.070781231138,2.74551346529558,178173.149885279,868.000030518,-0.00136855230316879,348.75005483225,75153.7409423925,724.999904633,297.261316966133,1.98585050647075,0
0,0,0.05,0,0.1,0,0.075,0,0.125,0.2,0.125,0,545.000076294,126.021056556742,3.31261713828983,367170.642595775,504.00018692,0.0293665329674786,131.7499876025,10979.9422858877,480.000019073,1360.00013351,102.299408483437,1.54708891476344,431.999921799,2.4631956185676,212.00013160675,40676.2510823178,473.000049591,136.399211310755,4.31544723484441,95205.7973414822,527.000188828,-0.0341198911925695,137.250125408,15656.9940590635,545.000076294,206.82273252009,1.96553657727411,0
0.2,0,0.25,0,0.2,0,0.175,0,0.2,0,0.15,0,440.00005722,59.3039434432577,3.74179863435233,594012.075764365,392.999887466,-0.00598332778128174,110.9999418255,9595.49017059822,512.000083923,1807.99984932,100.816915940803,2.19216980282459,440.00005722,4.2701093364102,90.25007486275,14118.7968750917,438.999891281,100.816739200798,1.63236546996379,39465.981502034,537.000179291,5.85825085213537,165.50004482325,52559.1846928214,496.000051498,111.936493706138,3.08912959635999,1
0,0,0.05,0,0.05,0,0.025,0,0.075,0.05,0.075,0,703.999996185,97.8514006377431,1.50666545065309,24068.8822311522,506.000041962,2.21325435160656,179.2500615125,32879.7816773288,677.000045776,2666.99981689,136.399034571492,3.30337770192666,568.000078201,0.0824491527475875,173.7501025195,32397.3344131813,495.000123978,136.39938805076,1.65027422598005,36552.3597692319,521.000146866,2.4265345383083,243.49981546425,108571.961020799,451.999902725,174.946845244504,2.17559376621468,0
0,0,0,0,0,0,0.075,0,0,0.2,0.05,0,517.999887466,108.229908871025,2.02404949425796,108702.518592493,503.999948502,2.15698509064286,119.499981403,44030.8808312705,588.999986649,1375.99992752,94.1451692818979,1.71050356645004,564.0001297,4.63698025357214,256.249964237,80585.1920181354,488.000154495,101.55816221212,1.04234679583549,34151.7690945834,484.999895096,4.62447556613513,471.7500209805,362180.997629628,454.999923706,174.946668505982,1.94124707640439,1
0,0,0,0,0,0,0,0,0,0.05,0.05,0,701.999902725,103.041008234764,0.583203559995278,15362.3429612828,525.000095367,-1.35035070096183,156.999945641,12758.5338654207,613.000154495,1638.00001144,142.329534959821,1.20337233452549,529.000043869,3.47045681308991,120.500087738,16879.3042786819,562.99996376,144.553097033768,0.804933821786371,39260.8907529093,978.999853134,0.170248231558226,427.250146865,290180.409908356,730.000019073,169.757767868239,1.76645603383243,0
0.05,0.05,0,0,0,0,0,0,0,0,0,0,19.0000534058,134.175295758282,-1.65414711504722,55736.2524964634,616.999864578,0.582433604401607,83.74994993225,8445.72636812884,609.999895096,1286.00001335,124.538564014849,1.05652191312041,585.999965668,6.00469385010705,136.24995946875,22398.0440257869,622.000217438,97.851577377748,1.4106303502173,17926.1957844832,918.999910355,-0.988084348981829,235.2499365775,25224.1451071738,713.999986649,88.956268644896,1.30085764421301,1
0,0,0,0,0,0,0.025,0,0,0.05,0.05,0,559.99994278,120.831802439731,1.43109838721763,39308.2182045354,531.999826431,-0.766114652890595,153.4997820855,20716.0311210803,592.000007629,1879.99987602,194.220485472115,1.61994545738466,503.999948502,2.68126418943775,206.499934197,47958.3755373528,382.999897003,80.8016759640889,1.49268634508393,21802.4661580773,575.999975204,0.631265816155832,312.2497797045,85750.0440415861,415.999889374,308.380894735175,1.87760726130595,0
0,0,0.05,0,0,0,0.05,0,0.025,0,0.025,0,468.000173569,40.7715494869641,1.90445871942496,8740.38093431154,457.000017166,-0.564541823120325,319.249927997,38127.1204767116,496.000051498,3155.99989891,209.788071083886,3.09203685792409,448.000192642,2.34884506137921,145.25002241125,65232.0172047026,433.000087738,65.9758668414259,2.04974173754081,18539.4699706723,527.000188828,-0.239991764534735,310.24992465975,56368.7842619911,463.000059128,266.126675963348,0.915061038518563,1
0,0,0.05,0,0.1,0,0.15,0,0.125,0.1,0.225,0.025,636.999845505,179.394499611671,1.05123082544393,53128.5430824745,633.000135422,-1.0758204256105,360.2501153935,55878.4045705908,631.000041962,1870.00012398,165.309936761808,1.27926306124979,562.99996376,8.43476434435845,136.750161648,31193.1946847046,598.999977112,48.1843656779226,3.72418513129643,30376.5432480656,619.999885559,-1.07523592425768,293.4999465945,26037.5326965607,247.99990654,146.036119794934,0.242371080386364,0
0.05,0,0,0,0.05,0,0.05,0,0.075,0.1,0.025,0,636.000156403,117.125571084627,0.904791490041943,27345.5041458775,503.999948502,5.69647878987154,165.00002145725,38117.1993860302,627.00009346,3276.99995041,140.847042417186,2.74999363650572,476.999998093,12.3897941392806,274.50013160675,235028.077904465,483.000040054,202.374901413659,1.79353848206647,80078.4921314188,559.99994278,2.30297462848629,344.74998712775,195832.603842052,516.999959946,198.668493318551,0.985674797502062,0
0.15,0,0.1,0,0.1,0,0.075,0.025,0.175,0.1,0.35,0.325,514.999866486,76.3538448576582,1.39664828861087,11736.0887014586,462.999820709,-0.779045910666656,116.999864578,5743.94945816076,470.00002861,1510.99991798,191.996746658905,0.860199145010838,273.000001907,2.42740118623723,215.49981832525,36539.6148317328,356.999874115,156.414451288952,0.643323036482762,38032.1082245168,610.999822617,-0.137607807030014,256.75004720775,130812.406657355,26.0000228882,524.098935985151,-0.112588640460903,1
0,0,0.05,0,0,0,0.1,0,0.025,0.1,0.025,0,578.999996185,77.8365141380736,-0.0164739599645374,6693.1052664738,540.999889374,-0.421559508730607,71.7500448227499,5175.08517979516,599.999904633,1350.99983215,111.936140227611,0.928179155757706,437.99996376,8.24836892783126,172.0001697535,55581.0836795284,453.999996185,120.831979179736,1.43117507011182,26090.1544959386,641.000032425,3.91880256916735,773.500204089,597376.612911264,470.00002861,127.503372359372,1.7129143213838,0
0,0,0,0,0.05,0,0,0,0.025,0.1,0.075,0,736.000061035,59.3041201825212,2.25168459437688,43086.4457028869,679.999828339,5.22948260453395,98.2499718665,11855.1867829438,743.999958038,1079.99992371,41.5126190182767,2.69524109907039,759.999990463,4.52024777020342,60.5000853534999,5803.72854968395,759.999990463,41.5129724982861,2.75669957878126,6467.57047131373,935.9998703,1.57350835450721,389.999985695,295812.666112582,712.000131607,177.912183809783,1.75211418266161,0
0,0,0,0,0,0,0.025,0,0.025,0.05,0.025,0,424.000024796,153.449112725156,0.857380108181697,38642.7861922979,448.000192642,0.480575276289098,293.99985074925,57865.4245839533,536.000013351,2615.99993706,142.329534959821,2.02938270234434,447.999954224,4.40814201758849,289.99996185325,230894.052609949,480.000019073,100.816915941544,1.76161233270165,40874.3078904624,569.000005722,0.941449222653238,296.00006342025,171748.629971189,503.999948502,177.912007069778,2.67724058325089,1
0,0,0,0,0,0,0,0,0,0,0.05,0,597.00012207,211.27038688355,3.46804492441755,1577634.34285683,605.000019073,6.70034328411589,152.24999189375,68411.7068872489,648.000001907,1935.9998703,85.9909300803588,2.38196776852023,657.999992371,23.9186718712321,69.4998502730001,56772.9251542306,710.999965668,271.315576603315,2.45613809680392,508892.098997305,686.000108719,10.2100191607923,238.75004052925,330779.85224767,506.999969482,379.545485474339,1.03225387908844,0
0.05,0.05,0.25,0,0.25,0,0.3,0,0.125,0.3,0.35,0,98.9999771118,45.9606268647121,-2.34858253185584,12222.1565413425,499.000072479,0.728302595535608,102.0000576975,9441.93722859893,460.999965668,795.000076294,51.1497042417186,0.983974934945885,397.000074387,0.557821370124501,111.00012064025,9236.66637010695,463.999986649,87.4735993629981,1.75260650714123,10998.2464149433,493.999958038,1.12616048394531,105.2500605585,7144.51833371905,483.999967575,123.797141003527,2.75159727380806,0
0.15,0,0.05,0,0.25,0,0.175,0,0.15,0.25,0.325,0,461.999893188,59.3041201832626,1.33841594034,4507.82073725489,453.999996185,-0.296026096862611,103.24996709825,5611.94455007986,441.999912262,845.999956131,65.9756901021624,1.43438842067458,437.99996376,1.2043976929566,67.2498345375,4975.28257348625,444.999933243,57.0802046293059,4.1100796860775,18597.3366368663,552.000045776,2.07316602321568,110.4999780655,17314.4081614668,484.999895096,123.797494482795,0.207929806608629,1
0,0,0,0,0,0,0.025,0,0.05,0.1,0.175,0,523.000001907,123.797141003527,0.624014373534023,13601.8549479781,529.99997139,8.34096969490513,133.250057697,95351.3295152213,513.999938965,1417.99998283,96.3689080958499,2.00206964129429,442.000150681,0.730005294532243,285.5001688,73701.2343741899,483.999967575,136.399211311497,2.89531118687089,104603.368663788,512.000083923,1.67213986084576,391.000092028,246482.493420512,459.999799728,286.141739201539,2.48319010251998,0
0,0,0.05,0,0.1,0,0.05,0,0.025,0.1,0.1,0,470.00002861,128.244795370694,2.77569433904949,456597.101155554,412.000179291,6.09222721388296,161.49997711125,51455.2809655568,394.000053406,3536.00001335,292.813485861185,1.94248164294829,378.000020981,8.1583250070842,416.0000681875,1254617.8541642,420.000076294,166.051183032384,4.48381715786075,410046.450298394,445.999860764,7.47933694672884,436.499953269,1306563.63390238,424.000024796,560.422654366426,2.10171943504476,1
0.1,0,0,0,0.1,0,0.125,0,0.175,0.15,0.15,0.025,399.999856949,65.2342670915817,0.993289087637646,31992.1612364575,491.000175476,-1.08622980602963,101.749897003,5032.8878743397,536.000013351,992.000102997,64.4933743002737,1.14863558384405,407.00006485,3.12043781606609,203.2498717315,52139.8871520007,399.999856949,119.349309897096,5.15388011478783,541414.285180732,480.000019073,0.0241571659452213,326.00015401975,99068.4660329871,225.000143051,136.399211310755,2.439302226828,0
0.15,0,0.05,0.05,0.1,0,0.125,0,0.125,0.15,0.175,0,568.000078201,77.0950911282342,2.71693999225737,59973.83140844,19.0000534058,2.35357959025003,108.00004005375,43856.4788133509,519.999980927,1927.9999733,124.538740753371,1.58671796994407,440.00005722,8.23190956471417,205.75004816,125965.669824995,391.999959946,118.607886886516,0.404184096234822,11797.6768536525,440.999984741,3.19677657644719,354.0000915535,423509.894919298,351.999998093,391.406486248772,1.39822467077497,1
0,0,0,0,0,0,0.025,0,0,0,0.05,0,726.000070572,80.0604296920302,0.268430302131413,6400.44742388909,739.000082016,0.863415545577213,66.99985265725,4222.00889923348,717.000007629,1167.99998283,42.9954650401793,2.40369586888389,562.99996376,31.8587316619112,81.2500715257501,263456.89580936,681.999921799,31.8758872755854,1.01390290634274,2293.66361146049,651.999950409,3.35371825526463,158.00017118475,55007.2216469502,484.999895096,85.9909300803588,1.23045810717792,0
0,0,0,0,0,0,0,0,0.075,0.1,0.125,0,499.000072479,100.816915941544,2.7801445083993,52017.8028606549,453.000068665,0.873627277524896,123.24994802525,22779.7800112907,464.999914169,1302.00004578,151.225197172682,1.2237316311359,477.000236511,0.718849903817687,127.2500157355,11437.2558175653,452.000141144,112.677563238192,4.44287249226451,135652.62956064,473.999977112,-0.371497947924355,367.50000715375,108502.662361946,466.000080109,155.673028278371,1.74103390717977,1
0.05,0,0.1,0,0.15,0.05,0.2,0.025,0.125,0.35,0.225,0,657.999992371,212.011986640066,0.756805730780145,59625.358841385,460.000038147,0.892847408654395,140.7498121265,40146.2651595695,230.000019073,2029.00004387,288.365654754754,0.640953299577332,206.000089645,3.74526213880572,320.2498555185,116564.742844755,460.999965668,192.737992930963,1.20068353728196,89535.3697616877,510.999917984,-0.237847925937065,548.74992370525,256516.947253124,308.000087738,309.863387274844,0.883128924946846,0
0,0,0,0,0.1,0,0.05,0,0.025,0.15,0.05,0,587.000131607,166.792606043706,2.44987220268065,152799.956294752,559.99994278,-0.143233545277897,184.00013446825,22829.6150229392,457.999944687,1575.9999752,180.135922622252,1.15571686559101,415.999889374,19.0233523262123,198.5000967975,79295.0341694091,416.000127792,118.607886886516,1.66980507957996,60769.0187442514,521.000146866,-0.655510082266408,431.99980258675,188297.050049572,432.999849319,326.172219157191,1.13905868623904,0
0.1,0,0.05,0,0.3,0,0.125,0,0.075,0.05,0.025,0,382.999897003,159.379613113484,0.595910344360115,28425.2821046293,447.000026703,3.60129334452006,159.2497229575,71323.6171016144,607.999801636,2560.0001812,426.247535345184,0.583464919302702,400.000095367,2.03931568293881,475.99995136675,299628.783515928,136.000156403,250.559443830845,2.36705987423668,202690.396217833,552.000045776,0.628531648988459,499.99988078975,182499.182165922,464.000225067,243.14627416136,1.35579254556088,1
0,0,0,0,0,0,0,0,0.025,0.05,0.025,0,673.000097275,154.931428527786,2.10272302890445,73874.4788713352,523.000001907,4.68089909616402,95.4999327657501,14510.0463009642,694.999933243,1308.00008774,79.3193601614589,1.64566791840477,573.999881744,0.282840741044035,151.0000228875,15179.4900809008,540.999889374,110.453647684976,2.03525263546032,70929.1518596284,649.000167847,-0.739852419673245,335.25007963175,78091.1374873766,613.000154495,191.255500388328,1.97526967262462,0
0.1,0,0.1,0,0.2,0,0.175,0,0.15,0.2,0.15,0,483.000040054,65.2344438308452,1.86346285357245,18291.6677539037,397.000074387,-0.336925622773008,200.25002956375,34232.7274294519,323.999881744,2138.00001144,115.642725062724,2.51169543006644,351.999998093,1.74776250597879,160.50004959075,41913.8344349365,266.999959946,252.783359384802,2.86730226704891,140957.813964513,594.000101089,0.526266204269974,509.0000033385,227132.032159159,434.000015259,220.907295369953,1.7901445760774,0
0.1,0,0.05,0,0.15,0,0.075,0,0.075,0.15,0.175,0.025,699.000120163,136.399211312979,1.75015862640062,71912.6295128793,593.000173569,0.310056915232181,104.50005531375,23302.4546729041,750.999927521,1447.0000267,160.862105655378,1.01154320212498,542.999982834,1.49366452452844,194.749891758,22828.9021930363,536.999940872,145.294696783612,2.03124737547039,98900.2067845314,613.999843597,5.29499278475658,233.49994420975,200341.396073966,188.000202179,318.017803219353,2.14955417124904,0
0,0,0.15,0,0.1,0,0.175,0,0.225,0.05,0,0,509.999990463,312.087302828059,0.278956967430767,54347.4110269932,367.999792099,-0.869423691496098,273.49996566775,40542.5887761803,404.000043869,1032.00006485,217.200887274844,0.104454772380273,435.9998703,6.67085288897558,307.74998664875,152623.939216921,396.999835968,399.560902191058,1.10642028186172,182310.045463177,500,1.18740608593712,198.74995946875,41745.308369182,440.999984741,128.98604164127,2.9482534908353,1
0,0,0.05,0,0,0,0,0,0.05,0,0,0,659.00015831,148.259858607403,2.35535726914875,212170.126542451,534.999847412,2.72593580074817,781.000137331,542691.06028527,586.999893188,1857.00011253,386.958478403078,0.538070998099231,588.000059128,-0.0138223153956702,391.00003242525,118911.602252761,473.000049591,137.140634322819,2.31558554339656,89792.0848870914,543.000221252,0.998610942820777,484.0000867845,198210.169991134,559.000015259,249.818020820264,1.81535190771918,0
0,0,0,0,0,0,0.1,0,0,0.1,0.1,0.025,592.000007629,142.329711699825,2.75542386532526,143200.494520854,684.99994278,7.2410138458541,282.000005246,205563.959393516,814.999818802,2513.99993896,318.758872747701,1.44489458941214,611.999988556,19.2023646416325,268.5001492475,644075.189845566,585.999965668,209.787894344622,1.97683975694887,92147.0506878939,599.999904633,2.9883660884006,233.00021886425,165990.900895129,221.999883652,223.87263393449,1.0784783617399,1
0,0,0,0,0,0,0.05,0,0,0.05,0.05,0,442.999839783,85.9907533403541,0.251734956930684,8458.94234282854,440.999984741,1.30482736272421,129.99993562675,23888.4296169822,565.999984741,1805.99999428,178.653430080359,1.77607539436069,447.999954224,3.75101997240941,279.7499895095,107731.407052011,430.000066757,85.9909300803588,3.65837335891319,70295.6585736466,567.999839783,3.25704410367128,743.50011349025,532141.862836119,378.999948502,239.440042805515,0.668450217093592,1
0.05,0,0.05,0,0.1,0,0.1,0,0.25,0.25,0.15,0.025,536.000013351,53.3736197941926,1.28823906107286,20647.6945541106,414.999961853,5.37570124760702,123.50004911425,35096.9657855814,455.999851227,1439.9998188,136.39938805076,1.49649941527523,400.000095367,0.313300433790964,306.000113487,60248.8899770894,113.000154495,166.792606043706,2.09584456683312,115504.128077183,424.000024796,-0.122070100140033,434.0000152585,105372.769339742,104.000091553,159.37943637348,3.35678592931003,0
0.05,0,0.15,0,0.15,0,0.1,0,0.125,0.1,0.25,0,503.999948502,101.557808732111,1.22735118446446,25382.9959883935,407.999992371,4.64660004654452,92.75007247925,74580.1465111331,440.00005722,1904.99997139,106.747239589127,1.4835213301723,391.999959946,2.15491148267488,232.74981975575,96122.1440051718,472.00012207,182.359484696199,2.12441757559844,108798.487061619,416.000127792,6.05181826610862,230.75008392325,67245.2625390063,375.999927521,129.727464652592,2.73867086777429,1
0,0,0.15,0,0,0,0.15,0,0.05,0,0.1,0,567.999839783,71.1649442184323,-0.0304061870501897,4446.05113475315,512.000083923,1.79571527117941,121.25003337875,15420.0426482803,575.999975204,1438.99989128,77.0952678682388,2.43252453123343,512.000083923,-0.704026765153283,131.2500834465,9376.31485263983,496.000051498,71.1647674799103,4.10966060571979,40591.4613269738,16.9999599457,2.4504469015799,128.000020981,65273.5257148593,480.000019073,70.4233444685882,2.54987739517386,0
0.1,0,0.1,0,0.1,0,0.075,0.025,0.075,0.05,0,0,496.000051498,94.886415552474,0.713653601194253,8736.15409139351,447.999954224,7.94389901255636,96.24975919775,24499.4108623211,463.999986649,896.000146866,107.488485860444,0.402159102574213,95.999956131,6.77120648945836,79.9999833107502,16316.4324693508,496.000051498,83.0257682565673,2.43342702064203,24317.6281843216,527.99987793,-1.76477993065373,723.999917507,169056.658211622,543.999910355,404.008556554518,0.0346586660868619,1
0,0,0,0,0,0,0.025,0,0.025,0,0.075,0,593.000173569,113.418986248772,3.50267655515476,3919440.07512652,503.999948502,1.86548563995393,353.9997935295,144559.258432864,592.000007629,2759.99999046,350.634936758843,1.35363784228475,375,0.747960858509834,471.74996137275,174645.456968585,455.000162125,140.847219157932,1.77954335867482,120366.064025879,513.000011444,1.69298289899632,458.74994993275,215904.815147999,391.999959946,162.344774937276,3.00021299713412,0
0,0,0,0,0,0,0,0,0,0,0.025,0,599.999904633,508.531703851166,2.2793335798668,997548.113692446,520.999908447,1.34952059734533,190.75006246575,127541.177238583,726.999998093,4332.99994469,617.502682252762,1.69539938502762,480.000019073,2.40125305540982,491.75006151275,206802.103568858,575.999975204,212.753056164707,1.97308643022435,229887.890039319,750.999927521,1.21561867350524,392.2501206415,232818.597265542,559.000015259,278.728569531313,2.04841067690081,1
0,0,0.05,0,0,0,0.125,0,0.05,0.05,0.1,0,520.000219345,40.0301264763834,0.493628236110496,4963.20800921478,496.000051498,1.05733929115508,165.9998893735,32123.2911105367,456.000089645,1855.00001907,117.125217604617,3.08534276538414,440.00005722,-0.295566527056259,274.24991130825,34306.1020201769,416.000127792,101.557985472115,0.902337442873896,13403.0893607039,489.000082016,0.206636338033477,527.2500515,207441.716070048,335.999965668,195.703331494018,1.08067877156556,0
0.05,0,0.1,0,0.05,0,0.175,0,0.125,0.1,0.125,0.025,509.999990463,148.260212087413,1.26873898657359,36071.103188298,415.999889374,1.01148991538771,169.999957085,22248.2598936066,544.000148773,1479.00009155,77.0952678682389,1.87533653890511,417.000055313,0.262877092718027,266.99990034125,38382.5821718736,424.000024796,121.573225451053,1.84256579818171,37878.1513142972,415.000200272,1.22633728625942,313.25018405875,127827.64078854,272.000074387,149.742704630047,1.56822329305991,1
0.1,0,0.05,0,0.05,0,0,0,0.125,0.25,0.125,0,571.000099182,88.2148456335742,0.965881789743953,31091.9160282481,490.000009537,5.85888296421473,257.749974727,123905.105286954,539.999961853,1127.00009346,154.931782007054,0.916483795118699,473.999977112,2.30964389971382,110.5001568795,14745.8027385659,444.000005722,125.279810285425,1.67941639734703,31949.3333036913,474.999904633,9.7758602177365,230.49998283375,154855.005408425,342.99993515,192.737816190217,1.24795778578237,0
0,0,0.2,0,0.05,0.05,0.1,0,0.1,0.25,0.175,0,516.000032425,80.8014992240842,0.689308825602829,13233.1882654002,358.000040054,1.13920652906952,104.2500734335,15278.1524052829,75.9999752045,1246.0000515,179.394499612413,-0.369125093356059,414.000034332,1.60345142260568,96.7500209814999,10260.2058486459,428.999900818,111.936316966874,1.72341502234015,39011.3566731033,501.000165939,4.68769443339218,169.24983263025,99952.1295711092,393.999814987,154.190358996473,0.211290673465892,0
0,0,0.05,0,0.35,0,0.075,0.025,0.15,0.1,0.1,0,445.999860764,73.3885062931208,0.915029843771222,8437.7273916866,450.999975204,-0.6011343887038,89.7500514987499,3163.95771354324,351.999998093,1060.9998703,196.444577765335,0.801162254518588,60.9998703003,4.09835587022363,129.2499899865,25709.9827743783,414.999961853,120.831979179736,3.28497749001919,101584.990269587,556.999921799,-1.00822750089026,133.24999809225,10065.522779099,452.000141144,146.777542806256,1.31500488848132,1
0,0,0.1,0,0.05,0,0.05,0,0,0.1,0.05,0,519.999980927,203.116147684976,0.394595448861219,26273.7332395866,485.000133514,3.71620524851805,101.99993848775,53304.8991143783,459.000110626,1210.99996567,91.9212537286827,1.29552900954821,478.000164032,5.7111578022783,215.24995565425,105444.796201574,486.999988556,129.727464651851,2.54121318066413,76203.7880724535,567.000150681,-0.429656812047647,612.99991607975,159776.33233428,495.000123978,257.231013751227,0.616153075584825,0
0.05,0,0.1,0,0,0,0.075,0,0.075,0.15,0.1,0,565.999984741,52.6323735236166,1.24822829436715,8281.32791844661,461.999893188,-0.838852814383091,99.25013780625,5549.77627168975,493.999958038,1453.00006866,177.170584058456,0.921911433477728,430.000066757,-0.866664255988185,143.499791622,8343.60091552677,497.99990654,149.742527890043,1.75293996704838,44046.0014156113,468.999862671,-0.198186695105583,428.00015211175,136469.899605041,473.999977112,206.82273252009,2.78844359186674,1
0.1,0,0.05,0,0.1,0,0,0,0.15,0.1,0.125,0,437.99996376,42.2542187688621,2.07803605603368,27456.3737311798,506.000041962,-0.924989558542129,73.500037193,3062.34674701156,517.999887466,1035.00008583,50.4084579704011,2.82728685941909,426.999807358,0.264584697090902,101.5000343325,6810.83881627269,450.000047684,123.797141004268,1.40177432751925,31568.8298357613,450.000047684,0.759486341379944,202.50004530025,49919.8343804162,495.000123978,117.125394343881,1.05987702665332,0
0.15,0,0.1,0.05,0.05,0,0.025,0,0.125,0.05,0.1,0,371.000051498,74.8711755750189,0.757803346907489,14826.5783221654,168.000221252,0.513067414267989,151.499927044,29612.887752199,595.999956131,1641.99995995,125.279810286166,2.39948291532642,551.000118256,0.461596914077598,112.249970436,8923.76599343433,359.999895096,133.433872746959,0.879468050937715,21074.5854349166,506.000041962,3.56150307165565,101.2501716615,18017.0060435702,473.000049591,91.9212537286827,2.78390940341606,1
0.1,0.05,0.05,0,0,0,0.025,0.025,0.025,0.25,0.075,0,271.000146866,186.807669282639,-0.0108556808060794,33654.6028154296,511.999845505,4.55440575941787,69.75007057175,9438.72698880931,546.000003815,1341.00008011,100.075846410231,2.16945196936359,233.000040054,1.87738791987722,164.49999809225,26865.5831978455,439.999818802,122.314294981624,1.22576495754237,15671.3930712725,592.99993515,3.37761693071286,441.2500858335,273795.640369719,554.999828339,191.255323648324,2.08458425127625,0
0,0,0.3,0,0.05,0,0.075,0,0,0.05,0.15,0,584.000110626,166.792606043706,0.179533939294587,17372.1378196298,535.000085831,11.8287605495769,246.50019407275,1079677.65866832,609.000205994,4327.00014114,146.777366066251,3.61882861966008,469.000101089,16.131626296663,276.25006437325,370176.293589295,455.999851227,116.384148073305,1.0056523942059,27525.9882186113,493.999958038,2.10334472411334,190.00005722,122158.740509835,482.000112534,272.798422622252,1.11040130898891,1
0.05,0,0.05,0,0,0,0.075,0.05,0.075,0.05,0.05,0,523.000001907,54.8561123368272,0.573340332767207,8877.95137076352,550.999879837,1.49020529712604,124.50003623925,11828.009394683,718.999862671,1320.00017166,83.0255915165628,2.38290548033611,226.000070572,1.7514810913866,88.00005912775,19006.7252259026,521.000146866,97.110154367167,1.59614393554112,23612.5361542334,601.000070572,2.2058838109818,275.99984407425,183734.736350337,430.999994278,130.468710923168,0.941112101383858,0
0.25,0,0.2,0,0,0,0.025,0,0.1,0.05,0.25,0.025,430.999994278,49.6670349598206,1.7951840709175,11019.0897603971,342.000007629,-0.0144514916020322,206.00008964575,25561.8267818311,1260.99991798,35664.9999619,166.051183031643,3.24251579821456,1082.00001717,1.43531081664033,180.4999113125,81514.9967846389,386.999845505,134.916542029599,0.449377351431657,17160.1707041407,472.00012207,3.50509723726073,180.9999942785,33792.7580051274,240.000009537,131.951556945071,-0.0642518918912185,1
0.05,0,0,0,0.05,0,0,0,0.05,0.05,0,0,575.999975204,160.120859384802,0.347059354312508,18735.203132364,512.000083923,1.18778979579457,147.749841213,17471.4155156655,537.000179291,1152.00018883,171.240437150137,0.807885159903018,448.000192642,0.804360234277926,173.999726773,24143.6722189896,487.999916077,118.60806362652,1.3897612671028,29009.4868364742,471.999883652,0.0077895715774452,333.2501053805,98910.0232519988,495.99981308,148.259858608145,1.28114088349379,0
0,0,0,0,0.1,0,0.025,0,0.05,0.05,0.075,0,526.000022888,71.9060137504863,1.74109968794526,26676.2364265735,400.000095367,-0.711286882876834,121.99991941425,6883.73676771855,496.999979019,1383.99982452,133.434226226969,1.26779544962782,463.999986649,11.4210713800097,191.2498474125,81543.9326673552,480.000019073,135.657965040179,0.741756757909918,18029.3506374129,471.999883652,10.5841396883841,173.9997863775,509901.842984509,463.999986649,106.747239589868,2.56385167518183,1
0,0,0,0,0,0,0.025,0,0,0,0.025,0,601.999998093,107.488485860444,1.43912818140045,57529.5360760534,531.999826431,1.32360406290829,230.4999232295,35188.7895529599,616.999864578,1169.99983788,83.7668377878801,1.72473634972793,503.999948502,1.32880866231495,124.24987554575,27472.0699894708,496.999979019,306.898225450312,0.825686247050488,67745.8126758663,654.99997139,0.0843033133572351,402.2499918925,167921.486199968,492.000102997,286.883162212861,1.67196690489375,0
0,0,0.05,0,0.55,0,0.35,0,0.1,0.1,0.15,0,502.00009346,88.2146688928282,1.72651499065696,57536.1959843679,447.000026703,1.16202373756035,172.499895096,29084.8708303107,520.999908447,2785.99977493,628.622436764032,0.598516493339197,373.000144958,18.5217889136813,243.99983882925,268676.494231927,340.99984169,126.021233296006,3.52552857211226,120039.15725617,480.000019073,7.67250453458772,541.99993610475,927102.583440654,413.000106812,187.549092292479,1.45116447450428,1
0.05,0,0,0,0,0,0.225,0,0.175,0.1,0.2,0,583.999872208,58.562520432677,1.24673979229505,11827.2567297208,438.999891281,-0.673076102808702,121.99997901925,12468.1491204159,536.000013351,1215.00015259,106.005993317809,1.63467445883531,440.00005722,4.0185922512833,173.249959946,75893.7904987815,447.999954224,106.746886109858,3.52966208660025,186747.167801871,735.999822617,5.05795762047849,270.249903201,302620.897786415,463.000059128,147.518965816095,2.12675380439811,0
0.05,0,0.1,0,0.05,0,0.25,0,0.2,0.35,0.125,0,519.000053406,106.747593068394,2.56848252564298,61302.5244600089,488.000154495,6.10891932537242,100.00002384125,21204.9387792075,615.999937057,2750.99992752,219.42480282806,2.30210203191215,448.000192642,4.1538248582813,314.9996995925,109768.722917235,335.999965668,295.778470944972,2.2061524042499,392472.280973246,423.000097275,0.6481853782879,406.99988603725,248848.00967482,384.000062943,242.405027890043,1.40165051811365,1
0,0,0,0,0,0,0.025,0,0,0.15,0,0,542.000055313,91.921253729424,2.05897781944397,31457.9140779737,480.000019073,7.27963604636332,60.2499842644999,11503.8264961048,559.99994278,1550.99987984,108.970978402337,1.42410153806832,465.99984169,3.55976634928235,94.499945641,16051.9583162355,470.999956131,156.414451288952,1.49400403342995,110689.142672959,468.999862671,0.230204643739784,436.499834058,145488.506971622,478.999853134,160.121036124065,2.74330523013706,0
0,0,0.05,0,0.3,0,0.225,0.075,0.075,0.05,0.05,0,438.999891281,106.7468861106,2.22226054583337,26751.1049602102,432.000160217,7.86064152513359,151.249945164,53958.0422679621,580.000162125,2543.99991035,234.992034959821,1.61407166663487,192.999839783,-0.764784234899179,230.7498455045,41480.9788401002,439.999818802,86.7323530909395,0.99566332458764,14528.9351953919,444.000005722,1.57135387221427,268.24992895125,89777.7132275326,500.999927521,189.773007845694,2.45428204174191,1
0,0,0,0,0.05,0,0,0,0.075,0.15,0.3,0,625.999927521,76.354198336185,0.670493347637976,8935.36000469156,480.000019073,2.58622671719977,242.74986982375,225984.939148719,438.000202179,1694.99993324,120.090556169155,1.90537965959158,458.999872208,2.34638376606671,138.24987411525,49017.0590839338,388.000011444,166.051359772389,2.34630820046503,160384.162038909,638.000011444,-0.718930798486356,802.50000953525,312095.345550768,346.00019455,318.758872747701,1.34207662629691,0
0,0,0,0,0.15,0,0.125,0,0.175,0,0.025,0,506.999969482,117.866817355203,1.15410224441753,20678.0418845954,446.000099182,-0.693232274642553,113.500237465,9222.72360389958,480.000019073,2113.0001545,262.420267868239,1.32531938705933,380.000114441,-0.634531078037023,662.74994611825,193861.516733406,448.000192642,239.439866066992,1.43120277229168,212257.743616103,388.000011444,1.18184905493092,256.5001845355,55849.285263401,442.999839783,240.181112336827,1.68313066331175,1
0.1,0,0.1,0,0.1,0,0.125,0,0.075,0.1,0,0,562.00003624,335.808774159877,0.819936068234724,138421.101271961,467.000007629,0.631857836794698,260.75011491775,74025.2870891838,544.000148773,1698.00019264,123.797141003527,1.96898314379732,559.000015259,7.71492516392496,207.99994468675,129834.453669938,530.000209808,140.105619406605,1.57476358033326,126393.714639988,659.999847412,2.80320326642591,447.500169276,214304.374169298,633.999824524,263.161514139556,1.42497250603032,0
0,0,0.05,0,0,0,0.075,0,0.025,0.05,0.075,0,585.000038147,134.175295758281,1.39211329834632,31777.0418344117,515.000104904,1.70997959923923,104.49975728975,12192.9620626822,579.999923706,2097.00012207,149.742527890042,3.02345984277585,484.999895096,3.8963190314728,200.0002264975,39735.8200915157,510.999917984,98.5928236483241,1.71612496725784,17462.7039942696,605.000019073,-1.00653050081128,266.99995994625,42890.0638391673,537.999868393,140.105796147351,3.60335362251296,0
0,0,0,0,0.2,0,0.1,0,0.025,0.05,0.025,0,589.999914169,38.5476339344901,2.03805494338289,19790.5535213586,526.000022888,0.139358494905415,152.4999141695,37507.1971494228,680.000066757,2076.99990273,327.654534956114,0.983125662478183,572.999954224,5.16813737089359,445.25003432925,374056.474132793,280.000209808,137.881703854131,0.68235757552137,38513.0204988681,572.999954224,0.739543657876854,429.49998378525,147949.221199022,476.000070572,182.360014915472,1.17930139760973,1
0.05,0,0,0,0,0,0.075,0,0,0.3,0.075,0,664.999961853,58.5626971726819,3.10281117942663,79048.1569031819,586.999893188,1.91975675957962,123.75009059925,40722.483591507,600.000143051,1056.9999218,120.831979179736,0.583815730128544,507.999897003,13.5793960291275,119.49974298475,38037.0928155856,547.000169754,115.643078541992,0.976397884433329,18541.0818503976,625.999927521,-0.889829991283159,412.75006532525,81978.8741585235,509.000062943,165.309936761808,0.959519153975944,0
0,0,0,0,0.25,0,0.175,0,0.075,0.1,0.175,0,626.999855042,88.2146688935693,0.852834706084517,15540.7465470996,509.000062943,-0.259977138302074,116.249978542,4759.78197591888,625.999927521,1722.00012207,347.669421460231,0.730505498317117,508.999824524,15.2999705081321,246.50007486325,150341.198722774,470.999956131,203.116501164245,1.43886010759959,88112.1224916201,594.000101089,-0.541634645718038,420.25005817525,81396.7883837111,586.999893188,207.564155531412,1.36315318290995,1
0,0,0,0,0,0,0,0,0,0.05,0,0,625,243.146627640628,2.18546082788582,176835.245697418,543.999910355,4.18834411072785,240.49985408775,51055.2925982536,614.999771118,5460.00003815,264.644183422195,2.4886848412069,536.000013351,1.52991409170641,641.74991845875,620448.730870547,567.000150681,140.847042417927,3.15638806788304,381088.94649189,648.000001907,-1.21478414685355,757.50005245125,215842.974116942,545.000076294,329.137027502455,2.07868175182388,0
0,0,0,0,0,0,0,0,0,0,0.025,0,750.999927521,335.067704627082,1.06377796165537,819436.720335353,567.999839783,12.2041237911745,318.99988651625,8240897.44515828,785.000085831,4280.00020981,284.658893185567,1.75706840467217,687.99996376,12.2533199942227,305.50003051875,1442738.83606835,599.999904633,118.607886887257,4.98911386744921,723760.152128874,710.999965668,8.65772531666083,405.750036241,578785.548867644,598.999977112,433.660705016893,1.65323043495953,0
0,0,0,0,0,0,0,0,0,0.1,0.05,0,651.999950409,157.155697560269,0.51510311999752,21463.6277656085,552.000045776,2.50555339932125,141.24989509575,17824.1610385933,690.999984741,1913.00010681,300.967725061983,1.19087057536599,480.999946594,10.1051911677131,163.99997472725,78471.8164220694,463.000059128,134.916718768862,1.54722993324931,56707.4269777365,561.000108719,2.01964883480362,239.4998669625,152226.547214697,526.999950409,277.246076991643,1.8833155712342,0
0.05,0.1,0.1,0,0,0,0,0,0.15,0.1,0.125,0,85.9999656677,185.325,-0.123369644361459,104783.879384293,491.000175476,-0.359037237627179,225.50016641625,26662.3494561045,519.999980927,855.000019073,100.075492930222,0.625107377738399,374.000072479,0.180951705757213,130.5000185965,20192.0978485136,453.999996185,147.518612336827,1.775389611497,49974.5989500168,510.999917984,5.56232582836892,369.24999952225,171970.957197555,341.000080109,111.936493706879,2.99214328353573,0
0.2,0,0.05,0.05,0.05,0,0.125,0,0.125,0.2,0.15,0,463.000059128,146.777542805515,1.5824434820181,113205.301950402,289.000034332,2.15832857409284,141.4998173715,33869.046918611,424.000024796,1026.99995041,134.175295758281,0.456872401734621,398.000001907,0.709545950997977,119.00013685175,19367.134604478,381.999969482,144.553450512295,1.53936202451208,31377.6825550543,430.000066757,2.43401433118101,242.749810219,79783.3986649611,401.000022888,163.08584446933,1.22861648006083,1
0.05,0,0,0,0,0,0.125,0,0.15,0.1,0.05,0,575.000047684,108.229908871766,1.96975699504769,60246.3254332066,453.999996185,3.30795468556866,167.25009679825,49786.6459015953,567.000150681,1017.99988747,108.971155142342,0.818065743924288,303.000211716,2.41269379406365,376.74999237025,620705.311901977,473.000049591,190.514077377748,1.87054911458978,383810.332962268,378.999948502,1.30297227252889,396.750032901,170723.289886183,401.999950409,214.235725451053,2.19878068824128,0
0.05,0,0.1,0,0.1,0,0.1,0,0.2,0.1,0.15,0,447.000026703,149.001281619466,1.42615886139974,45774.8254486474,446.000099182,0.431765968760994,272.50003814675,145940.41861539,489.000082016,2994.99988556,323.94830360101,1.33835827858014,308.000087738,1.75401822982221,580.25008440075,199218.784468141,438.000202179,204.598816967616,2.63616526727425,215217.70050592,399.999856949,0.716632611478325,1527.9999375315,3602218.26883566,447.000026703,415.128134321336,2.4094795917046,1
0.05,0,0.05,0,0,0,0.125,0,0.225,0.05,0.25,0,536.000013351,242.405204629306,0.866463582731441,80369.7962113675,427.000045776,-0.366607067380142,164.499998093,23408.4054737652,542.999982834,2005.00011444,243.14627416136,2.33368938209401,421.999931335,-0.343241809496536,305.00012636125,57163.0185575818,540.999889374,204.598816967616,1.68460567465347,109608.368616152,486.999988556,3.60560941909601,188.2499456405,53167.1996788859,457.000017166,202.374724674396,1.3582151165961,0
0,0,0,0,0,0,0,0,0,0,0.025,0,601.000070572,115.642725062724,2.20301077641747,68124.9058342235,577.000141144,6.81108140070215,97.2500443462501,15402.1583201679,477.999925613,1413.00010681,139.364549875293,1.09453354663763,519.000053406,15.9858997300407,126.74993276575,145870.757467116,511.999845505,131.210310674495,0.759075036554735,18251.896654459,644.000053406,1.69851538374473,343.00017356375,143765.629968242,533.999919891,190.514077377748,1.29090295902501,0
0.05,0,0,0,0.05,0,0.1,0,0.1,0.1,0.075,0,462.999820709,86.7319996116714,0.945414586748683,12748.3691596874,426.999807358,-0.850324981186869,100.25006532725,4491.99380962846,483.999967575,883.999824524,106.005816578546,0.51257526379643,414.000034332,5.30889970236408,127.2501349455,14787.6408870537,430.999994278,123.797141003527,0.566473732871857,14812.0645159101,519.999980927,2.5783231657068,113.750040531,13154.8267943886,430.000066757,143.070957970401,0.743421429977132,0
0,0,0.05,0,0.45,0.05,0.25,0,0.05,0.2,0.15,0.025,547.999858856,103.781901026072,1.56701916716493,119442.677511214,456.000089645,1.46777252011834,337.25017309175,99820.2446297922,266.999959946,5199.99980927,202.374901413659,2.71021712399086,450.999975204,15.2240966278719,257.24995136325,171398.848771291,480.999946594,74.1299293044429,5.26596996914628,190140.904671647,429.000139236,0.913284642007713,612.750113009,356757.627062775,225.000143051,156.414097810425,4.35359518195251,1
0,0,0,0,0,0,0,0,0.075,0.05,0.05,0,623.999834061,94.8864155539564,1.58826981254629,28324.6782508218,592.000007629,5.22815298924757,35.7498526572501,19620.8765074934,592.000007629,1503.00002098,149.00145835873,2.09886452374598,504.00018692,2.82293177755859,135.249972344,48661.6760711233,519.999980927,225.355303216388,2.90955292928353,228745.28410807,552.000045776,1.04566318455731,213.750183582,33943.6222936638,471.999883652,177.912007069778,1.73719275380081,0
0,0,0,0,0,0,0.05,0,0.025,0.05,0.05,0,706.000089645,116.3839713333,1.91390425485522,141650.621993134,600.999832153,-1.02962726509175,191.500067711,17460.7857121182,656.999826431,2129.00018692,296.520070696298,0.84869438620798,536.000013351,3.9176226832187,342.250168324,196769.217535111,495.99981308,177.170760798461,2.94280448927055,160884.539755297,767.999887466,-0.743325126796435,983.75016450525,475049.186511998,503.999948502,338.032689714575,0.925136804082203,0
0.25,0,0.05,0,0,0,0.05,0,0.05,0.15,0,0,471.999883652,207.563802051402,1.94269251154468,393884.061478936,511.999845505,1.03842772045637,203.9999961855,46425.3979309638,664.000034332,3463.99998665,1001.49599883798,0.497213514223041,440.00005722,4.18650560053338,654.000043868,463462.977877101,423.999786377,135.658141780184,2.18181444862501,38386.4880881855,455.999851227,-1.25465728216943,571.7497468015,175501.659281228,552.000045776,184.583753728683,1.96316801678922,1
0,0,0,0,0.15,0,0.05,0,0.05,0,0.1,0,600.000143051,142.32988843983,0.941961357043375,37884.6849680598,519.999980927,0.883474078389827,183.24995040925,28435.3201374651,599.999904633,1161.00001335,162.344774937276,0.707475007353584,495.000123978,0.396830143068124,546.74994945175,147242.22835262,367.999792099,157.89712057085,1.92624597245203,61710.3895292808,496.000051498,0.292563453141742,326.000094413,96714.8776922706,424.000024796,194.961731743432,3.78712448650828,0
0.05,0,0.1,0,0.05,0,0.075,0,0.025,0.05,0.05,0,391.999959946,196.44440102533,0.530902217273303,69739.5567270421,470.999956131,2.05759716471903,125.75000524475,17155.7143498125,664.000034332,2585.99996567,410.68030322306,1.27540721947377,399.999856949,0.427859481800005,577.49998569375,271259.777752617,391.999959946,166.051359771648,2.45175878214142,109411.033419974,575.999975204,1.84734546829613,305.25004863875,208863.685754062,399.999856949,392.888802051402,1.05772857288167,1
0.05,0,0,0,0,0,0,0,0.025,0.2,0.125,0,572.000026703,122.314471721629,2.40771212558705,79903.9562164199,545.000076294,4.88602012671748,82.25011825575,16254.770652385,640.000104904,1157.99999237,83.0257682565675,1.93945043988053,551.999807358,2.18191606000999,81.4999341965,6326.96992386933,583.999872208,65.2344438315865,1.37284323649596,7867.98604287478,599.999904633,-1.13882054895021,604.50017452325,226714.110091343,488.000154495,243.887873910463,3.43530238720486,0
0,0,0,0,0,0,0.05,0,0.025,0,0.075,0,578.000068665,71.9060137504863,2.24573151959383,35163.3778921924,524.000167847,2.52092867520861,113.99990320225,7975.94649219888,599.999904633,1072.0000267,154.190358997214,0.630030048937514,538.000106812,29.3064772620709,207.49992132175,518548.736810797,509.999990463,114.160409260094,2.8693869158941,53707.785694113,546.000003815,2.31467853842341,296.49996757575,189006.65747637,560.9998703,114.16023252009,1.86207903475874,0
0,0,0.05,0,0,0,0.075,0.025,0.1,0.1,0.05,0,520.999908447,130.468710923168,2.3199019313262,54671.612745302,384.999990463,-0.347304164956756,132.24995136275,20379.7321376983,440.00005722,1167.00005531,141.588288688503,0.873015916721959,78.9999961853,4.63062421729161,129.750192165,47021.3324684355,144.000053406,60.0453664538385,1.55203461361508,46221.8652118157,598.999977112,4.56780365775948,245.7499504095,98180.3499953787,544.999837875,160.120682644797,1.37473544264568,1
0,0,0,0,0,0,0,0,0,0,0,0,767.999887466,249.076774552654,1.41181087606659,168591.983966578,671.999931335,1.37132393183577,311.9999170315,112723.938913131,736.000061035,3375.99992752,296.519893955552,2.13691234449369,751.999855042,4.09235643060521,207.999944684,87986.6029367044,703.999996185,130.468887663173,2.22972157355409,261069.825777004,751.999855042,0.607047772684706,287.99986839675,147016.307985323,752.00009346,118.60806362652,1.67280726932214,0
0,0,0,0,0,0.05,0.05,0,0,0,0,0,751.999855042,69.6820981980124,1.13038836689052,10844.8457238671,703.999996185,-0.510048201951192,111.99992895125,13108.2581592932,223.999977112,2240.00000954,118.60806362652,1.71355824668786,687.99996376,10.943297487153,375.99980830875,480898.753682261,703.000068665,83.0255915165628,2.34196387201639,42925.2105364433,720.00002861,0.0944508480764359,451.99972391,227209.199560435,671.999931335,94.8864155532153,1.68975077431366,1
0,0,0,0,0,0,0.05,0,0.025,0.05,0.1,0,673.000097275,164.568337011964,1.03102029693076,34053.2044031813,550.999879837,2.91257607734146,122.250139713,22148.4075015529,687.99996376,1928.99990082,261.678668117653,1.10643526223501,496.000051498,2.51564264843352,245.4999089245,128248.696940215,449.000120163,135.657965040179,2.86622294817693,149122.672054742,544.000148773,5.29657730357987,305.49997091225,200261.086221163,463.999986649,160.862105656119,2.71359525598906,0
0,0,0,0,0,0,0,0,0.05,0,0.025,0,536.999940872,65.2344438315864,0.997524988042173,6395.46357106737,503.000020981,-0.862526649946042,132.5000524525,13344.5695566916,792.000055313,2128.9999485,285.400492920585,0.169644655714742,975.999832153,3.1981551239188,351.7498970025,117768.167207638,471.999883652,195.703331494759,2.58105878051622,550859.276090793,575.999975204,-1.01474366300867,564.25011158225,178274.810250004,463.999986649,154.190535735737,3.05746452585897,1
0,0,0.05,0,0,0,0.05,0,0.05,0.1,0.125,0,559.99994278,113.418986248772,0.538673236257614,11825.8888621895,463.999986649,8.44446398528774,163.250029087,115993.921933753,521.000146866,983.999967575,225.355303216388,0.119092696017331,424.000024796,0.222010675479276,205.9998512275,29196.9116038986,447.000026703,88.2146688935693,1.7940973076807,23927.7408278821,519.999980927,-1.01609997826882,400.999963283,71175.8253759566,391.999959946,172.72292969203,1.31989376810449,0
0.15,0.05,0.15,0,0.45,0,0.2,0,0.15,0,0.125,0,78.0000686646,70.4238746878611,-0.714316367661326,22425.5177570247,351.999998093,1.64479914029025,96.2500572205,15196.4887055245,463.999986649,1679.99982834,201.633655143083,1.1264395714217,377.00009346,-0.413885366761851,141.9999599455,14120.5907775391,383.999824524,83.0254147765582,1.05031842206167,15168.8999901068,512.000083923,-1.00758210168416,72.2498297697499,3229.18218459176,512.000083923,88.9560919048913,0.833614898033383,1
0,0,0,0,0,0,0.075,0,0.05,0.1,0.1,0,559.99994278,125.279810285425,1.40086394040019,39952.9026488869,480.000019073,-0.679494969832029,76.9999027257498,7853.1104640308,575.999975204,1544.00014877,284.658893179636,0.81032486565645,463.999986649,4.65251720421845,324.0001201635,110209.397768937,463.999986649,166.792429304443,2.2125883219324,249928.970210948,544.000148773,-0.795209493204764,217.99999475425,42155.6180801277,417.000055313,207.563978791407,1.03816755742262,0
0.1,0,0.05,0,0.1,0,0.175,0,0.1,0.1,0.225,0,457.000017166,61.5280357357364,1.04003788170044,11510.6336785907,447.999954224,1.17023556978053,97.999930382,16372.7622974181,416.000127792,935.9998703,88.9559151648868,0.988766136860619,447.000026703,0.732831331460139,163.24996948225,22226.3589838598,424.000024796,88.9559151648866,2.76540265024908,22877.7475400753,559.99994278,0.398587781068118,242.74992942775,82753.6375231585,384.000062943,177.911830329773,1.351257832298,0
0,0,0,0,0,0,0,0,0.075,0.2,0.25,0.025,400.000095367,88.9559151648867,-0.190554343281775,5150.55410226774,360.000133514,2.54189326933971,89.24990892375,18766.9105724969,687.99996376,1895.99990845,160.120859384802,1.87982910472328,687.99996376,0.092200036083304,223.99979829775,37534.7746169054,367.999792099,106.747239589127,1.57704690130808,27429.0232714339,288.000106812,-0.122312305589283,355.2500605585,74656.194937467,232.000112534,160.861752176851,1.18317721794926,1
0,0,0.05,0,0.1,0,0.175,0,0.025,0.1,0.15,0,516.999959946,134.916542029599,1.95567916434213,97648.5657244603,508.999824524,0.02323237096053,374.75001812,66498.738126503,587.000131607,1593.99986267,126.020879817479,0.981607726642872,402.99987793,2.94461619562788,403.25003862325,161834.256588407,499.000072479,113.418809509509,1.04152322360727,20428.1986954713,489.000082016,0.100391117869329,320.9998607635,47560.9690782022,444.000005722,199.409739589868,1.74927859707121,0
0.1,0,0.15,0,0.2,0,0.25,0,0.15,0.05,0.025,0,473.000049591,112.677563238192,0.856076048469413,24258.1366038719,468.999862671,6.20967680937169,135.74993610425,36288.1402330516,486.999988556,1202.00014114,189.031584835113,0.908163944022023,424.000024796,10.6039625021647,148.00000190725,46662.5109229425,375.999927521,179.394676351676,1.63286275228579,38208.604303782,488.000154495,-1.22150938267361,862.74993419875,324271.839205997,406.999826431,479.621155149755,0.0280093419355728,1
0,0,0,0,0,0,0.025,0,0,0,0.025,0,721.999883652,205.340063241157,3.48059581885876,1124763.06660063,569.999933243,11.1619875270928,185.24986505575,258039.596205345,707.000017166,7904.99997139,366.202345634315,3.10795827587343,592.000007629,21.2756008328139,362.2500896445,867685.428608264,536.999940872,97.8515773777479,2.20233047313446,32302.9183552355,659.999847412,7.10829233346764,715.99996090275,1853063.7238913,546.000003815,401.043217992946,2.14756758726924,0
0,0,0,0,0.05,0,0,0,0.025,0,0.025,0.025,651.000022888,400.301971718664,1.98079054955465,1728788.82356957,572.000026703,7.98045906150983,140.49977064125,214290.335864496,576.000213623,3558.99977684,357.306329941445,1.61407768441176,524.999856949,27.9639412340517,339.00016546175,6103740.59450781,539.000034332,189.772654365685,1.41153204527259,124905.428020091,538.000106812,1.4046954730171,864.00014162075,4037308.20349095,29.9999713898,384.734739586903,2.52240174390064,1
0,0,0,0,0,0,0,0,0,0,0.025,0,732.000112534,29.6519717223702,2.82227855812842,10892.2149773012,691.999912262,-0.549145164960032,40.4999852175,2332.42888294659,757.000207901,2889.99986649,337.291620182521,1.73799771621623,708.000183105,7.17800469730684,85.7502222064999,26236.7343321614,612.999916077,129.727641391114,1.4417130896272,31180.4838083182,677.000045776,-1.19272182227001,731.75001144125,206521.588457537,629.00018692,248.335528276147,0.611627173382691,0
0,0,0.05,0,0,0,0.025,0,0.025,0.1,0.075,0,572.999954224,110.453824424981,1.071986853336,29042.8902846366,509.000062943,1.62671160726382,115.99999666225,17625.1558649413,1138.99993896,1805.00006676,200.892232133985,0.161862907994431,1061.00010872,7.16133618688484,87.9998207025001,33302.1372892957,485.000133514,125.279810286166,2.42825373296739,59055.407942896,613.000154495,0.904815189785896,542.4999594705,277670.306092102,676.000118256,282.435507847918,1.45842106542775,1
0.1,0,0.2,0,0.15,0,0.225,0.025,0.35,0.25,0.45,0,434.000015259,92.6626767400047,0.775094411823584,22844.1646737041,351.999998093,4.77792069972069,323.50003719375,128232.709459974,575.000047684,2188.00020218,351.376183030902,1.64122687134431,75.0000476837,1.99476496823812,194.49990987775,103804.189220819,401.999950409,163.086021209334,1.04049214691586,42024.9055520366,401.000022888,2.33830167701905,206.99983835225,57551.6079430233,428.999900818,159.37943637348,1.73310352565735,0
0.15,0,0.3,0,0.45,0,0.2,0,0.275,0.55,0.2,0,530.999898911,132.692979956393,0.767053097645211,20604.0336924891,412.000179291,3.31899767726711,143.499910831,47353.9419191871,328.999996185,959.000110626,138.623126864712,0.338543228347996,367.000102997,3.41747551460399,228.00004482325,75544.9295403216,396.999835968,131.951203465061,2.35054550453965,53010.845988563,628.999948502,1.50628748334228,344.749867919,181023.10422165,407.999992371,168.275098586341,2.10295444212199,1
0.05,0,0.1,0,0.05,0,0.075,0,0.025,0.1,0.075,0,671.999931335,94.145169281898,0.309919084659689,8296.9628530528,615.999937057,1.73539130633558,115.750133992,18160.7853987464,608.000040054,1111.99998856,65.9755133628989,0.955433724336466,543.999910355,1.95872400633137,117.9998517035,26251.1041622746,575.999975204,189.772831105689,0.890070829514006,38556.0354298929,656.000137329,1.52186215848808,195.499777793,115713.110950179,550.999879837,230.544380593395,3.11749601595884,0
0.2,0,0.05,0,0.35,0.05,0.175,0,0.125,0.15,0.075,0,710.999965668,260.937775324863,2.21112612760993,914680.13870645,519.999980927,8.4646245246865,116.999983787,53700.255516254,272.000074387,2127.99978256,278.728923011322,0.756634531558696,512.000083923,7.31481401300525,241.99998378775,106400.909073986,496.000051498,113.418986249514,2.08223728263841,37225.8698923979,518.999814987,-0.575596334330191,750.4999041535,639838.723510548,598.999977112,361.75433778788,1.25411823162459,1
0.05,0,0.05,0,0.05,0,0.05,0,0.05,0,0.05,0,743.999958038,189.773007844212,2.13348120509771,670342.275332799,592.000007629,0.860656404719487,519.7497010205,197958.436647847,529.99997139,1565.00005722,237.957373523616,0.556325374371455,631.999969482,4.62446032521408,305.99993467175,173154.674099028,648.000001907,225.355126475642,0.996197007064984,72316.829510824,600.999832153,1.96085622447823,404.99979257625,173722.113291078,495.000123978,255.748521206369,3.27153219791808,0
0,0,0,0,0,0,0.025,0,0,0.05,0.1,0,559.000015259,249.076951289693,1.21216788300125,81690.698944915,559.99994278,1.69603273016472,179.24988269775,66062.3085139805,512.000083923,1103.99985313,83.7668377878801,0.785174942623261,431.999921799,0.000392595356707659,111.2502217285,7874.62658294215,480.999946594,106.005993319292,2.71100918707859,39851.5143289923,576.999902725,-0.73194242869653,234.4999313375,66140.5664819686,542.999982834,262.420091123787,0.370329365984655,0
0.05,0,0.05,0,0,0,0,0,0.025,0.1,0.075,0,416.000127792,296.51989395407,1.09472693302798,116870.397327383,560.000181198,2.06299926001775,147.749781609,29622.8173673087,543.999910355,1568.0000782,248.335351539108,0.609768622919424,528.000116348,5.37111218419735,143.24986934625,29115.1259654281,544.000148773,71.9060137519688,1.2881254208641,10850.3328614241,447.999954224,-0.268128237368104,332.50010013525,108266.287662941,542.999982834,142.329711699084,4.67153758888793,1
0.05,0,0.05,0,0.1,0,0.3,0,0.175,0.25,0.25,0,503.999948502,88.9560919048914,1.67912738004533,28829.5851543832,472.00012207,3.04580401319928,91.9997692112499,32022.9933221858,487.999916077,1368.00003052,125.279633546161,2.32759093009845,344.000101089,2.32598911882578,251.249969006,57709.3202290555,439.999818802,95.6278385645372,2.42655676932798,51086.9115516841,504.00018692,-1.02396960196106,219.999909401,26511.9288926701,359.999895096,148.260212086671,2.15419469871763,0
0,0,0,0,0.6,0,0.5,0.275,0.05,0.05,0.125,0,511.999845505,65.2342670915817,2.36895501121069,61738.2301268111,471.999883652,1.51868012399966,134.000003338,15168.5198001598,472.00012207,1407.99999237,136.39938805076,1.23647814065422,175.999879837,19.9647550128374,55.999994278,32542.1569747707,431.999921799,130.468887662432,1.67338386524808,30279.051737429,471.999883652,1.60389060596651,123.99983406125,124999.605335204,391.999959946,231.285450124707,1.2267816244919,1
0,0,0,0,0.05,0,0,0,0.075,0,0.025,0,700.000047684,55.5975353481492,3.50862852958558,797932.70836946,618.000030518,7.97430216676883,75.7499337199999,42663.5092928004,673.000097275,2159.99984741,65.2344438315864,2.45312343988046,634.000062943,11.1278736799579,134.74988937375,153580.639872879,679.999828339,184.583930468687,1.83159343887172,155156.237107653,585.999965668,-1.02670354329173,901.24988556025,314832.939586056,576.999902725,123.797141004268,2.99882240466492,0
0.05,0,0,0,0.05,0,0,0,0.025,0.1,0.05,0,694.000005722,255.007274938758,0.913648378253927,115845.40806935,700.000047684,8.76463006771583,86.249947548,85422.0920929075,648.000001907,1272.00007439,64.4931975610104,1.62665032827237,548.000097275,14.2962896421001,112.7499341965,28751.4755890592,619.999885559,64.4931975602691,5.49903926821993,259783.371049627,548.000097275,-0.333949933989049,429.0000200315,120644.90716478,548.000097275,119.349309896355,3.73847799809426,0
0.1,0,0.1,0,0.1,0,0.075,0,0.05,0.15,0.2,0,507.999897003,137.140457582814,3.38652640595839,142951.577453795,518.000125885,-1.46882484267901,296.2500452995,28657.8948188816,480.000019073,2389.00017738,206.82273252009,1.9718317793665,489.000082016,0.515449457766148,261.5000605585,48219.3308768912,477.999925613,146.036296534938,2.20859859906321,55381.583654054,560.9998703,3.0826863633519,325.74987411525,83990.6219895085,443.000078201,278.728392791308,2.91391654321799,1
0,0,0.05,0,0,0,0.075,0,0.1,0.05,0.075,0,656.000137329,119.349309898579,2.3042384114532,31072.8912616054,528.000116348,0.456127363728331,215.25001525875,77752.6959574085,560.000181198,2608.99996758,160.862105654637,1.63924090348575,519.999980927,15.2461237535012,142.2501206395,121232.549460289,511.999845505,148.259858608144,2.25615973380894,262935.77873042,519.999980927,2.10638369826316,244.50004100725,244905.211084658,473.000049591,177.170760798461,1.79370784539503,0
0,0,0.15,0,0,0,0.125,0.025,0.05,0.05,0,0,606.999874115,42.2542187688622,1.21227527950293,6159.95799721136,503.999948502,1.36395937546817,87.9999399182501,10804.3107576464,496.000051498,3655.00020981,450.710429694996,1.72282839295582,135.999917984,2.91961644913914,290.00002145775,487704.747859525,527.99987793,160.862282395382,3.21949924865185,214428.05757717,496.000051498,10.3631117368337,189.999759197,488693.171857891,552.000045776,123.797141003527,1.80962980292195,1
0.05,0,0.1,0,0,0,0.05,0,0.025,0.05,0,0,599.999904633,106.747239589868,2.2660222628155,158940.867564312,431.999921799,-0.306103740565761,154.0000438685,23605.1580857223,671.000003815,1480.00001907,112.677563238192,1.86808780926588,480.999946594,9.45651585237236,282.0000052455,116822.602105394,592.000007629,160.12085938406,1.18618139002295,38082.0898829713,743.999958038,-0.88761631372093,494.00001764575,168618.341035594,671.999931335,355.823837397328,0.544048077016013,0
0.4,0.1,0.45,0.35,0.4,0.15,0.5,0.275,0.075,0,0.05,0,207.999944687,315.793710922427,1.35174071124895,310026.946415724,151.999950409,2.48029133374283,197.999894619,135064.070600737,200.000047684,1447.99995422,59.3037667039944,2.33098611543866,167.999982834,0.142685315223848,297.24997282,58324.3375319014,544.000148773,112.677563238192,5.5700331377127,590450.180133,568.000078201,0.635020618117324,375.24980306675,244605.332482548,463.999986649,166.051183033126,2.46143121194721,1
0,0,0.05,0,0,0,0.05,0,0.025,0,0.05,0,546.999931335,160.862105656119,0.51973271745324,29377.3738164509,552.000045776,-0.740505024373434,104.50011491775,6683.94425213316,654.000043869,1877.00009346,212.011809900061,1.81920784666826,541.000127792,17.5036321510079,215.74991941425,143849.627426513,519.999980927,159.379613113484,3.19816648980985,256683.920419703,759.000062943,5.04880155141102,497.2496628755,329932.156551763,567.999839783,204.599170446142,1.76823188342591,0
0,0,0,0,0,0,0.025,0,0.025,0,0.05,0,564.0001297,200.15080912118,1.49120026894668,89829.4139494766,547.999858856,1.11527800012983,140.2501463895,29650.6858296035,693.000078201,2078.99999619,312.828549097153,0.966952677125654,529.000043869,9.43544726889412,212.9999399185,106890.901409996,538.000106812,93.403923011322,2.28462059581575,99751.4360027128,589.000225067,-1.20844960544994,458.750009538,76667.5225605679,521.000146866,181.618415165628,1.36155203965047,1
0,0,0,0,0,0,0.05,0,0.1,0.1,0.125,0,713.999986649,129.727287912587,1.92066283566516,119779.212650748,654.000043869,-0.324693547410919,159.00003910025,26438.5083417873,680.000066757,2362.00022697,126.021056556742,1.90439707506538,538.000106812,1.23312966351419,206.75009489075,48376.4923232788,603.000164032,171.240437150137,1.12898182125864,47484.655313771,640.000104904,2.28697879885777,180.249929428,83183.7617095689,473.000049591,240.181112336827,1.86309804817021,0
0.05,0,0.1,0,0.1,0,0.153846153846154,0.0512820512820513,0.375,0.3,0.3,0,525.000095367,287.624231747139,1.74321560382323,668302.410184016,567.000150681,6.03962080338029,117.499947548,88476.7228972977,544.999837875,1524.00016785,247.594282007054,1.02699647917198,23.0000019073,31.8612825286048,336.750030517,3953980.15895798,23.0000019073,123.055894732951,0.586490858003729,96227.0741356199,555.000066757,9.31948174412941,154.00004386925,103742.091076777,337.999820709,237.957373524358,2.46722735942728,1
0,0,0.05,0,0,0,0.075,0,0.45,0.4,0.45,0.975,744.999885559,376.580323651289,2.57780936606424,5602332.1392701,586.000204086,1.12121058524653,756.50006532225,557169.971669236,707.999944687,7699.99980927,653.085154365685,2.98362572707949,483.999967575,6.79946243357243,483.24984311675,484473.052790581,16.9999599457,93.4039230110996,2.17040984482168,646435.963039285,21.999835968,9.96566862299114,258.000135422,207514.219885344,0,52.6323735237648,3.8897489733428,0
0,0,0.05,0,0.05,0,0.025,0,0.025,0.15,0.025,0,511.999845505,136.399034571492,1.50307698542497,53249.8820473636,416.000127792,-1.03732468818131,184.499919415,17768.8543333575,463.999986649,2223.99997711,284.659246658905,2.38304030848431,393.000125885,6.16850037140627,236.50002479525,73889.4239336689,417.000055313,235.733457971143,2.37740018346549,138121.831999047,384.999990463,0.905578765354802,259.50008630775,114351.466278151,503.000020981,171.981683421454,2.54661805648001,0
0,0,0,0,0,0,0.05,0,0,0.05,0.05,0,463.999986649,98.5926469090604,1.00981285788124,13547.3608827713,416.000127792,9.88793223171032,122.99984693575,105853.752006876,463.999986649,6975.00014305,349.893337011223,3.51555155326937,510.999917984,30.5509549237313,128.24988365175,369788.388587887,480.000019073,83.0257682558261,2.66374061872352,132439.147688456,567.000150681,0.159969830223212,396.49993181475,114548.685351095,488.000154495,118.607886886516,2.85668726931187,1
0.05,0,0.1,0,0.15,0,0.075,0,0.1,0.05,0,0,463.999986649,88.9560919041501,0.348838723226772,6376.47431906403,375,0.0597866366424875,169.24995184,14555.2492601266,407.999992371,1576.00021362,272.798422622993,0.943129443466829,375.999927521,5.88040682914583,173.99996519025,43620.8628685898,391.999959946,107.488839339712,1.02823889425854,24239.3368240607,407.999992371,3.04503861779726,172.00016975375,55591.4984564574,391.999959946,123.796964264263,1.78799615866742,0
0,0,0.05,0,0.1,0,0.2,0,0.175,0,0.075,0,527.99987793,581.179140615198,0.340416588737848,224045.768124331,384.000062943,-1.36772885278532,591.25000238375,154902.168242464,519.999980927,1248.99983406,190.514077377007,0.862456350286157,368.000030518,3.23380524016626,210.0000381465,55873.800490761,400.000095367,219.424979566582,1.39050233918581,161721.734002374,417.000055313,-1.29891385184377,676.75000429175,189773.695497915,351.999998093,604.900788690727,0.958758767804415,1
0,0,0,0,0.05,0,0.025,0,0.025,0.05,0.025,0,570.999860764,126.020879817479,1.19931581966965,27926.0830564769,469.000101089,1.03995240652104,317.249953747,108467.989261325,526.999950409,1621.99997902,272.056999610189,0.602382770827025,545.000076294,9.74375206472474,340.00003337575,117297.99264244,552.999973297,333.584858608886,1.00182645220884,159559.064933806,588.999986649,0.00867433966731257,892.000079155,551880.91998946,453.000068665,261.678844857658,0.774281635512877,0
0,0,0,0,0,0,0,0,0,0,0.05,0,590.99984169,241.663604878721,1.42223730489221,196756.13456092,547.999858856,-1.34405912072149,196.000158787,12278.2030923724,815.00005722,2398.00000191,267.609345248952,0.595246492477018,972.00012207,2.46672112908074,535.49987077,270760.626331713,598.000049591,358.788999223343,1.48966654762535,195924.742521428,810.9998703,3.94671799125718,478.00004482275,304350.032620912,532.999992371,422.541127252299,1.5009821317219,1
